id,date,latitude,longitude,category,severity,source_type,data_status,age_days
syn-shrawan-2083-0001,2083-Shrawan,27.773662,85.270700,theft,2,simulation,SYNTHETIC,8
syn-shrawan-2083-0002,2083-Shrawan,27.658491,85.491431,theft,2,simulation,SYNTHETIC,23
syn-shrawan-2083-0003,2083-Shrawan,27.614706,85.489976,theft,2,simulation,SYNTHETIC,27
syn-shrawan-2083-0004,2083-Shrawan,27.659904,85.399254,theft,2,simulation,SYNTHETIC,25
syn-shrawan-2083-0005,2083-Shrawan,27.729079,85.290955,theft,2,simulation,SYNTHETIC,11
syn-shrawan-2083-0006,2083-Shrawan,27.602582,85.302830,theft,2,simulation,SYNTHETIC,17
syn-shrawan-2083-0007,2083-Shrawan,27.720578,85.385226,theft,2,simulation,SYNTHETIC,21
syn-shrawan-2083-0008,2083-Shrawan,27.607166,85.365298,theft,2,simulation,SYNTHETIC,18
syn-shrawan-2083-0009,2083-Shrawan,27.676919,85.284621,theft,2,simulation,SYNTHETIC,5
syn-shrawan-2083-0010,2083-Shrawan,27.679203,85.223693,theft,2,simulation,SYNTHETIC,22
syn-shrawan-2083-0011,2083-Shrawan,27.700356,85.385954,theft,2,simulation,SYNTHETIC,6
syn-shrawan-2083-0012,2083-Shrawan,27.663058,85.374173,theft,2,simulation,SYNTHETIC,28
syn-shrawan-2083-0013,2083-Shrawan,27.671662,85.306269,theft,2,simulation,SYNTHETIC,1
syn-shrawan-2083-0014,2083-Shrawan,27.727353,85.258936,theft,2,simulation,SYNTHETIC,6
syn-shrawan-2083-0015,2083-Shrawan,27.655066,85.293982,theft,2,simulation,SYNTHETIC,16
syn-shrawan-2083-0016,2083-Shrawan,27.690287,85.371089,theft,2,simulation,SYNTHETIC,28
syn-shrawan-2083-0017,2083-Shrawan,27.616642,85.296705,theft,2,simulation,SYNTHETIC,6
syn-shrawan-2083-0018,2083-Shrawan,27.667809,85.394053,theft,2,simulation,SYNTHETIC,18
syn-shrawan-2083-0019,2083-Shrawan,27.678324,85.460163,theft,2,simulation,SYNTHETIC,13
syn-shrawan-2083-0020,2083-Shrawan,27.683975,85.296251,theft,2,simulation,SYNTHETIC,29
syn-shrawan-2083-0021,2083-Shrawan,27.615546,85.208337,theft,2,simulation,SYNTHETIC,28
syn-shrawan-2083-0022,2083-Shrawan,27.717122,85.328710,theft,2,simulation,SYNTHETIC,0
syn-shrawan-2083-0023,2083-Shrawan,27.629612,85.406380,theft,2,simulation,SYNTHETIC,16
syn-shrawan-2083-0024,2083-Shrawan,27.734033,85.291453,theft,2,simulation,SYNTHETIC,24
syn-shrawan-2083-0025,2083-Shrawan,27.737700,85.478896,theft,2,simulation,SYNTHETIC,22
syn-shrawan-2083-0026,2083-Shrawan,27.743284,85.262982,theft,2,simulation,SYNTHETIC,4
syn-shrawan-2083-0027,2083-Shrawan,27.624916,85.240424,theft,2,simulation,SYNTHETIC,16
syn-shrawan-2083-0028,2083-Shrawan,27.684659,85.494474,theft,2,simulation,SYNTHETIC,19
syn-shrawan-2083-0029,2083-Shrawan,27.745550,85.336289,theft,2,simulation,SYNTHETIC,13
syn-shrawan-2083-0030,2083-Shrawan,27.740238,85.275293,theft,2,simulation,SYNTHETIC,27
syn-shrawan-2083-0031,2083-Shrawan,27.745665,85.284051,theft,2,simulation,SYNTHETIC,0
syn-shrawan-2083-0032,2083-Shrawan,27.770658,85.247818,theft,2,simulation,SYNTHETIC,28
syn-shrawan-2083-0033,2083-Shrawan,27.737788,85.492439,theft,2,simulation,SYNTHETIC,22
syn-shrawan-2083-0034,2083-Shrawan,27.663424,85.406107,theft,2,simulation,SYNTHETIC,3
syn-shrawan-2083-0035,2083-Shrawan,27.671909,85.409533,theft,2,simulation,SYNTHETIC,14
syn-shrawan-2083-0036,2083-Shrawan,27.775263,85.223385,theft,2,simulation,SYNTHETIC,12
syn-shrawan-2083-0037,2083-Shrawan,27.646566,85.358886,theft,2,simulation,SYNTHETIC,1
syn-shrawan-2083-0038,2083-Shrawan,27.613547,85.336454,theft,2,simulation,SYNTHETIC,29
syn-shrawan-2083-0039,2083-Shrawan,27.710671,85.355025,theft,2,simulation,SYNTHETIC,5
syn-shrawan-2083-0040,2083-Shrawan,27.699143,85.239609,theft,2,simulation,SYNTHETIC,19
syn-shrawan-2083-0041,2083-Shrawan,27.712225,85.391983,theft,2,simulation,SYNTHETIC,28
syn-shrawan-2083-0042,2083-Shrawan,27.600752,85.325339,theft,2,simulation,SYNTHETIC,26
syn-shrawan-2083-0043,2083-Shrawan,27.695415,85.264047,theft,2,simulation,SYNTHETIC,2
syn-shrawan-2083-0044,2083-Shrawan,27.755302,85.322652,theft,2,simulation,SYNTHETIC,24
syn-shrawan-2083-0045,2083-Shrawan,27.603983,85.450498,theft,2,simulation,SYNTHETIC,14
syn-shrawan-2083-0046,2083-Shrawan,27.606407,85.345098,theft,2,simulation,SYNTHETIC,9
syn-shrawan-2083-0047,2083-Shrawan,27.657564,85.469400,theft,2,simulation,SYNTHETIC,22
syn-shrawan-2083-0048,2083-Shrawan,27.709530,85.338193,theft,2,simulation,SYNTHETIC,3
syn-shrawan-2083-0049,2083-Shrawan,27.660017,85.423427,theft,2,simulation,SYNTHETIC,4
syn-shrawan-2083-0050,2083-Shrawan,27.624659,85.428765,theft,2,simulation,SYNTHETIC,3
syn-shrawan-2083-0051,2083-Shrawan,27.736004,85.216829,theft,2,simulation,SYNTHETIC,17
syn-shrawan-2083-0052,2083-Shrawan,27.611117,85.495391,theft,2,simulation,SYNTHETIC,11
syn-shrawan-2083-0053,2083-Shrawan,27.665372,85.460833,theft,2,simulation,SYNTHETIC,14
syn-shrawan-2083-0054,2083-Shrawan,27.770968,85.218521,theft,2,simulation,SYNTHETIC,9
syn-shrawan-2083-0055,2083-Shrawan,27.715514,85.498748,theft,2,simulation,SYNTHETIC,24
syn-shrawan-2083-0056,2083-Shrawan,27.683506,85.299575,theft,2,simulation,SYNTHETIC,26
syn-shrawan-2083-0057,2083-Shrawan,27.631153,85.315528,theft,2,simulation,SYNTHETIC,10
syn-shrawan-2083-0058,2083-Shrawan,27.689806,85.279271,theft,2,simulation,SYNTHETIC,2
syn-shrawan-2083-0059,2083-Shrawan,27.710064,85.343330,theft,2,simulation,SYNTHETIC,13
syn-shrawan-2083-0060,2083-Shrawan,27.709577,85.205232,theft,2,simulation,SYNTHETIC,22
syn-shrawan-2083-0061,2083-Shrawan,27.703409,85.378408,theft,2,simulation,SYNTHETIC,5
syn-shrawan-2083-0062,2083-Shrawan,27.778692,85.316423,theft,2,simulation,SYNTHETIC,2
syn-shrawan-2083-0063,2083-Shrawan,27.771910,85.279285,theft,2,simulation,SYNTHETIC,13
syn-shrawan-2083-0064,2083-Shrawan,27.731241,85.395842,theft,2,simulation,SYNTHETIC,15
syn-shrawan-2083-0065,2083-Shrawan,27.615170,85.465249,theft,2,simulation,SYNTHETIC,9
syn-shrawan-2083-0066,2083-Shrawan,27.770774,85.311932,theft,2,simulation,SYNTHETIC,23
syn-shrawan-2083-0067,2083-Shrawan,27.672425,85.371633,theft,2,simulation,SYNTHETIC,6
syn-shrawan-2083-0068,2083-Shrawan,27.608048,85.492142,theft,2,simulation,SYNTHETIC,2
syn-shrawan-2083-0069,2083-Shrawan,27.760061,85.287782,theft,2,simulation,SYNTHETIC,27
syn-shrawan-2083-0070,2083-Shrawan,27.623127,85.467662,theft,2,simulation,SYNTHETIC,11
syn-shrawan-2083-0071,2083-Shrawan,27.605611,85.398785,theft,2,simulation,SYNTHETIC,19
syn-shrawan-2083-0072,2083-Shrawan,27.704476,85.465359,theft,2,simulation,SYNTHETIC,21
syn-shrawan-2083-0073,2083-Shrawan,27.710946,85.216860,theft,2,simulation,SYNTHETIC,25
syn-shrawan-2083-0074,2083-Shrawan,27.602960,85.420140,theft,2,simulation,SYNTHETIC,27
syn-shrawan-2083-0075,2083-Shrawan,27.730220,85.216243,theft,2,simulation,SYNTHETIC,10
syn-shrawan-2083-0076,2083-Shrawan,27.620603,85.406996,theft,2,simulation,SYNTHETIC,23
syn-shrawan-2083-0077,2083-Shrawan,27.772012,85.420527,theft,2,simulation,SYNTHETIC,22
syn-shrawan-2083-0078,2083-Shrawan,27.748929,85.365761,theft,2,simulation,SYNTHETIC,18
syn-shrawan-2083-0079,2083-Shrawan,27.751431,85.227240,theft,2,simulation,SYNTHETIC,7
syn-shrawan-2083-0080,2083-Shrawan,27.665853,85.481716,theft,2,simulation,SYNTHETIC,27
syn-shrawan-2083-0081,2083-Shrawan,27.677765,85.434794,theft,2,simulation,SYNTHETIC,12
syn-shrawan-2083-0082,2083-Shrawan,27.649725,85.210492,theft,2,simulation,SYNTHETIC,27
syn-shrawan-2083-0083,2083-Shrawan,27.608006,85.455620,theft,2,simulation,SYNTHETIC,2
syn-shrawan-2083-0084,2083-Shrawan,27.740479,85.364896,theft,2,simulation,SYNTHETIC,18
syn-shrawan-2083-0085,2083-Shrawan,27.757344,85.399958,theft,2,simulation,SYNTHETIC,17
syn-shrawan-2083-0086,2083-Shrawan,27.707140,85.433169,theft,2,simulation,SYNTHETIC,14
syn-shrawan-2083-0087,2083-Shrawan,27.675886,85.391278,theft,2,simulation,SYNTHETIC,26
syn-shrawan-2083-0088,2083-Shrawan,27.694506,85.241418,theft,2,simulation,SYNTHETIC,19
syn-shrawan-2083-0089,2083-Shrawan,27.667614,85.470243,theft,2,simulation,SYNTHETIC,15
syn-shrawan-2083-0090,2083-Shrawan,27.695794,85.326416,theft,2,simulation,SYNTHETIC,2
syn-shrawan-2083-0091,2083-Shrawan,27.664132,85.353473,theft,2,simulation,SYNTHETIC,19
syn-shrawan-2083-0092,2083-Shrawan,27.698790,85.417242,theft,2,simulation,SYNTHETIC,1
syn-shrawan-2083-0093,2083-Shrawan,27.743465,85.379609,theft,2,simulation,SYNTHETIC,13
syn-shrawan-2083-0094,2083-Shrawan,27.656707,85.454268,theft,2,simulation,SYNTHETIC,15
syn-shrawan-2083-0095,2083-Shrawan,27.744185,85.392324,theft,2,simulation,SYNTHETIC,29
syn-shrawan-2083-0096,2083-Shrawan,27.747897,85.270339,theft,2,simulation,SYNTHETIC,28
syn-shrawan-2083-0097,2083-Shrawan,27.618745,85.321513,theft,2,simulation,SYNTHETIC,16
syn-shrawan-2083-0098,2083-Shrawan,27.746906,85.340559,theft,2,simulation,SYNTHETIC,15
syn-shrawan-2083-0099,2083-Shrawan,27.758352,85.323800,theft,2,simulation,SYNTHETIC,4
syn-shrawan-2083-0100,2083-Shrawan,27.619489,85.342549,theft,2,simulation,SYNTHETIC,0
syn-shrawan-2083-0101,2083-Shrawan,27.616292,85.475457,theft,2,simulation,SYNTHETIC,0
syn-shrawan-2083-0102,2083-Shrawan,27.672257,85.477130,theft,2,simulation,SYNTHETIC,9
syn-shrawan-2083-0103,2083-Shrawan,27.778472,85.368518,theft,2,simulation,SYNTHETIC,0
syn-shrawan-2083-0104,2083-Shrawan,27.759898,85.348909,theft,2,simulation,SYNTHETIC,11
syn-shrawan-2083-0105,2083-Shrawan,27.650471,85.488123,theft,2,simulation,SYNTHETIC,7
syn-shrawan-2083-0106,2083-Shrawan,27.635707,85.415921,theft,2,simulation,SYNTHETIC,29
syn-shrawan-2083-0107,2083-Shrawan,27.750696,85.439672,theft,2,simulation,SYNTHETIC,23
syn-shrawan-2083-0108,2083-Shrawan,27.650579,85.356025,theft,2,simulation,SYNTHETIC,19
syn-shrawan-2083-0109,2083-Shrawan,27.610678,85.291904,theft,2,simulation,SYNTHETIC,29
syn-shrawan-2083-0110,2083-Shrawan,27.738120,85.384023,theft,2,simulation,SYNTHETIC,27
syn-shrawan-2083-0111,2083-Shrawan,27.607317,85.400376,theft,2,simulation,SYNTHETIC,11
syn-shrawan-2083-0112,2083-Shrawan,27.615131,85.456062,theft,2,simulation,SYNTHETIC,27
syn-shrawan-2083-0113,2083-Shrawan,27.659229,85.418661,theft,2,simulation,SYNTHETIC,17
syn-shrawan-2083-0114,2083-Shrawan,27.673904,85.435730,theft,2,simulation,SYNTHETIC,6
syn-shrawan-2083-0115,2083-Shrawan,27.651585,85.385776,theft,2,simulation,SYNTHETIC,29
syn-shrawan-2083-0116,2083-Shrawan,27.651571,85.337884,theft,2,simulation,SYNTHETIC,0
syn-shrawan-2083-0117,2083-Shrawan,27.642093,85.341497,theft,2,simulation,SYNTHETIC,20
syn-shrawan-2083-0118,2083-Shrawan,27.708603,85.230673,theft,2,simulation,SYNTHETIC,13
syn-shrawan-2083-0119,2083-Shrawan,27.626458,85.360203,theft,2,simulation,SYNTHETIC,0
syn-shrawan-2083-0120,2083-Shrawan,27.719551,85.231936,theft,2,simulation,SYNTHETIC,21
syn-shrawan-2083-0121,2083-Shrawan,27.735880,85.352380,theft,2,simulation,SYNTHETIC,13
syn-shrawan-2083-0122,2083-Shrawan,27.650660,85.202085,theft,2,simulation,SYNTHETIC,14
syn-shrawan-2083-0123,2083-Shrawan,27.603201,85.254704,theft,2,simulation,SYNTHETIC,22
syn-shrawan-2083-0124,2083-Shrawan,27.657198,85.280417,theft,2,simulation,SYNTHETIC,9
syn-shrawan-2083-0125,2083-Shrawan,27.639551,85.258410,theft,2,simulation,SYNTHETIC,15
syn-shrawan-2083-0126,2083-Shrawan,27.774515,85.454269,theft,2,simulation,SYNTHETIC,3
syn-shrawan-2083-0127,2083-Shrawan,27.750798,85.305260,theft,2,simulation,SYNTHETIC,6
syn-shrawan-2083-0128,2083-Shrawan,27.647283,85.259309,theft,2,simulation,SYNTHETIC,20
syn-shrawan-2083-0129,2083-Shrawan,27.604263,85.254554,theft,2,simulation,SYNTHETIC,19
syn-shrawan-2083-0130,2083-Shrawan,27.777246,85.403330,theft,2,simulation,SYNTHETIC,17
syn-shrawan-2083-0131,2083-Shrawan,27.692100,85.386991,theft,2,simulation,SYNTHETIC,25
syn-shrawan-2083-0132,2083-Shrawan,27.677376,85.453818,theft,2,simulation,SYNTHETIC,5
syn-shrawan-2083-0133,2083-Shrawan,27.619796,85.405665,theft,2,simulation,SYNTHETIC,22
syn-shrawan-2083-0134,2083-Shrawan,27.635935,85.450222,theft,2,simulation,SYNTHETIC,18
syn-shrawan-2083-0135,2083-Shrawan,27.637641,85.214678,theft,2,simulation,SYNTHETIC,13
syn-shrawan-2083-0136,2083-Shrawan,27.723709,85.363804,theft,2,simulation,SYNTHETIC,20
syn-shrawan-2083-0137,2083-Shrawan,27.601004,85.345578,theft,2,simulation,SYNTHETIC,21
syn-shrawan-2083-0138,2083-Shrawan,27.617935,85.450192,theft,2,simulation,SYNTHETIC,2
syn-shrawan-2083-0139,2083-Shrawan,27.773081,85.254902,theft,2,simulation,SYNTHETIC,10
syn-shrawan-2083-0140,2083-Shrawan,27.733411,85.390748,theft,2,simulation,SYNTHETIC,17
syn-shrawan-2083-0141,2083-Shrawan,27.682722,85.276117,theft,2,simulation,SYNTHETIC,3
syn-shrawan-2083-0142,2083-Shrawan,27.621243,85.317670,theft,2,simulation,SYNTHETIC,22
syn-shrawan-2083-0143,2083-Shrawan,27.641187,85.270119,theft,2,simulation,SYNTHETIC,12
syn-shrawan-2083-0144,2083-Shrawan,27.604804,85.332828,theft,2,simulation,SYNTHETIC,22
syn-shrawan-2083-0145,2083-Shrawan,27.776566,85.223818,theft,2,simulation,SYNTHETIC,28
syn-shrawan-2083-0146,2083-Shrawan,27.687153,85.380664,theft,2,simulation,SYNTHETIC,21
syn-shrawan-2083-0147,2083-Shrawan,27.664307,85.289976,theft,2,simulation,SYNTHETIC,26
syn-shrawan-2083-0148,2083-Shrawan,27.770465,85.289659,theft,2,simulation,SYNTHETIC,20
syn-shrawan-2083-0149,2083-Shrawan,27.748064,85.287171,theft,2,simulation,SYNTHETIC,20
syn-shrawan-2083-0150,2083-Shrawan,27.612386,85.373741,theft,2,simulation,SYNTHETIC,9
syn-shrawan-2083-0151,2083-Shrawan,27.618274,85.480194,theft,2,simulation,SYNTHETIC,22
syn-shrawan-2083-0152,2083-Shrawan,27.612719,85.353268,theft,2,simulation,SYNTHETIC,5
syn-shrawan-2083-0153,2083-Shrawan,27.637558,85.482214,theft,2,simulation,SYNTHETIC,15
syn-shrawan-2083-0154,2083-Shrawan,27.772877,85.233634,theft,2,simulation,SYNTHETIC,15
syn-shrawan-2083-0155,2083-Shrawan,27.713665,85.354311,theft,2,simulation,SYNTHETIC,10
syn-shrawan-2083-0156,2083-Shrawan,27.626265,85.336861,theft,2,simulation,SYNTHETIC,16
syn-shrawan-2083-0157,2083-Shrawan,27.753317,85.369266,theft,2,simulation,SYNTHETIC,17
syn-shrawan-2083-0158,2083-Shrawan,27.736409,85.236556,theft,2,simulation,SYNTHETIC,13
syn-shrawan-2083-0159,2083-Shrawan,27.725370,85.248623,theft,2,simulation,SYNTHETIC,11
syn-shrawan-2083-0160,2083-Shrawan,27.607619,85.267941,theft,2,simulation,SYNTHETIC,4
syn-shrawan-2083-0161,2083-Shrawan,27.610286,85.218634,theft,2,simulation,SYNTHETIC,13
syn-shrawan-2083-0162,2083-Shrawan,27.746285,85.491270,theft,2,simulation,SYNTHETIC,18
syn-shrawan-2083-0163,2083-Shrawan,27.756389,85.255604,theft,2,simulation,SYNTHETIC,10
syn-shrawan-2083-0164,2083-Shrawan,27.776061,85.347348,theft,2,simulation,SYNTHETIC,12
syn-shrawan-2083-0165,2083-Shrawan,27.772924,85.448096,theft,2,simulation,SYNTHETIC,29
syn-shrawan-2083-0166,2083-Shrawan,27.763221,85.476989,theft,2,simulation,SYNTHETIC,5
syn-shrawan-2083-0167,2083-Shrawan,27.606816,85.286152,theft,2,simulation,SYNTHETIC,11
syn-shrawan-2083-0168,2083-Shrawan,27.715770,85.350781,theft,2,simulation,SYNTHETIC,8
syn-shrawan-2083-0169,2083-Shrawan,27.725558,85.339970,theft,2,simulation,SYNTHETIC,26
syn-shrawan-2083-0170,2083-Shrawan,27.617650,85.290155,theft,2,simulation,SYNTHETIC,4
syn-shrawan-2083-0171,2083-Shrawan,27.703926,85.205942,theft,2,simulation,SYNTHETIC,25
syn-shrawan-2083-0172,2083-Shrawan,27.613843,85.324361,theft,2,simulation,SYNTHETIC,0
syn-shrawan-2083-0173,2083-Shrawan,27.698699,85.420590,theft,2,simulation,SYNTHETIC,1
syn-shrawan-2083-0174,2083-Shrawan,27.729623,85.239175,theft,2,simulation,SYNTHETIC,7
syn-shrawan-2083-0175,2083-Shrawan,27.754318,85.266218,theft,2,simulation,SYNTHETIC,5
syn-shrawan-2083-0176,2083-Shrawan,27.673874,85.300794,theft,2,simulation,SYNTHETIC,6
syn-shrawan-2083-0177,2083-Shrawan,27.664744,85.359994,theft,2,simulation,SYNTHETIC,12
syn-shrawan-2083-0178,2083-Shrawan,27.738494,85.301165,theft,2,simulation,SYNTHETIC,18
syn-shrawan-2083-0179,2083-Shrawan,27.604049,85.324336,theft,2,simulation,SYNTHETIC,24
syn-shrawan-2083-0180,2083-Shrawan,27.749795,85.437714,theft,2,simulation,SYNTHETIC,20
syn-shrawan-2083-0181,2083-Shrawan,27.741515,85.224639,theft,2,simulation,SYNTHETIC,26
syn-shrawan-2083-0182,2083-Shrawan,27.629581,85.429767,theft,2,simulation,SYNTHETIC,12
syn-shrawan-2083-0183,2083-Shrawan,27.637687,85.324358,theft,2,simulation,SYNTHETIC,27
syn-shrawan-2083-0184,2083-Shrawan,27.669653,85.354745,theft,2,simulation,SYNTHETIC,23
syn-shrawan-2083-0185,2083-Shrawan,27.627071,85.390959,theft,2,simulation,SYNTHETIC,5
syn-shrawan-2083-0186,2083-Shrawan,27.709983,85.378107,theft,2,simulation,SYNTHETIC,11
syn-shrawan-2083-0187,2083-Shrawan,27.712231,85.383019,theft,2,simulation,SYNTHETIC,4
syn-shrawan-2083-0188,2083-Shrawan,27.684013,85.420863,theft,2,simulation,SYNTHETIC,5
syn-shrawan-2083-0189,2083-Shrawan,27.774222,85.302571,theft,2,simulation,SYNTHETIC,20
syn-shrawan-2083-0190,2083-Shrawan,27.610747,85.475945,theft,2,simulation,SYNTHETIC,26
syn-shrawan-2083-0191,2083-Shrawan,27.626833,85.401379,theft,2,simulation,SYNTHETIC,18
syn-shrawan-2083-0192,2083-Shrawan,27.618688,85.318609,theft,2,simulation,SYNTHETIC,25
syn-shrawan-2083-0193,2083-Shrawan,27.678188,85.228949,theft,2,simulation,SYNTHETIC,11
syn-shrawan-2083-0194,2083-Shrawan,27.777574,85.375097,theft,2,simulation,SYNTHETIC,23
syn-shrawan-2083-0195,2083-Shrawan,27.674256,85.397474,theft,2,simulation,SYNTHETIC,7
syn-shrawan-2083-0196,2083-Shrawan,27.676460,85.486724,theft,2,simulation,SYNTHETIC,11
syn-shrawan-2083-0197,2083-Shrawan,27.675840,85.358375,theft,2,simulation,SYNTHETIC,28
syn-shrawan-2083-0198,2083-Shrawan,27.777237,85.352170,theft,2,simulation,SYNTHETIC,6
syn-shrawan-2083-0199,2083-Shrawan,27.685009,85.430268,theft,2,simulation,SYNTHETIC,14
syn-shrawan-2083-0200,2083-Shrawan,27.757504,85.417762,theft,2,simulation,SYNTHETIC,12
syn-shrawan-2083-0201,2083-Shrawan,27.739963,85.332981,theft,2,simulation,SYNTHETIC,19
syn-shrawan-2083-0202,2083-Shrawan,27.671920,85.232696,theft,2,simulation,SYNTHETIC,3
syn-shrawan-2083-0203,2083-Shrawan,27.700092,85.260233,theft,2,simulation,SYNTHETIC,6
syn-shrawan-2083-0204,2083-Shrawan,27.613180,85.462246,theft,2,simulation,SYNTHETIC,23
syn-shrawan-2083-0205,2083-Shrawan,27.776976,85.308685,theft,2,simulation,SYNTHETIC,14
syn-shrawan-2083-0206,2083-Shrawan,27.778649,85.375699,theft,2,simulation,SYNTHETIC,11
syn-shrawan-2083-0207,2083-Shrawan,27.693299,85.466859,theft,2,simulation,SYNTHETIC,14
syn-shrawan-2083-0208,2083-Shrawan,27.672904,85.365930,theft,2,simulation,SYNTHETIC,3
syn-shrawan-2083-0209,2083-Shrawan,27.681542,85.497857,theft,2,simulation,SYNTHETIC,15
syn-shrawan-2083-0210,2083-Shrawan,27.756011,85.232792,theft,2,simulation,SYNTHETIC,14
syn-shrawan-2083-0211,2083-Shrawan,27.769003,85.218409,theft,2,simulation,SYNTHETIC,11
syn-shrawan-2083-0212,2083-Shrawan,27.728758,85.441730,theft,2,simulation,SYNTHETIC,23
syn-shrawan-2083-0213,2083-Shrawan,27.606515,85.427497,theft,2,simulation,SYNTHETIC,27
syn-shrawan-2083-0214,2083-Shrawan,27.625340,85.270835,theft,2,simulation,SYNTHETIC,7
syn-shrawan-2083-0215,2083-Shrawan,27.606365,85.464242,theft,2,simulation,SYNTHETIC,18
syn-shrawan-2083-0216,2083-Shrawan,27.727557,85.252882,theft,2,simulation,SYNTHETIC,22
syn-shrawan-2083-0217,2083-Shrawan,27.691652,85.420766,theft,2,simulation,SYNTHETIC,3
syn-shrawan-2083-0218,2083-Shrawan,27.618575,85.222234,theft,2,simulation,SYNTHETIC,6
syn-shrawan-2083-0219,2083-Shrawan,27.745917,85.394990,theft,2,simulation,SYNTHETIC,22
syn-shrawan-2083-0220,2083-Shrawan,27.765032,85.258899,theft,2,simulation,SYNTHETIC,26
syn-shrawan-2083-0221,2083-Shrawan,27.619540,85.384655,theft,2,simulation,SYNTHETIC,24
syn-shrawan-2083-0222,2083-Shrawan,27.749949,85.201941,theft,2,simulation,SYNTHETIC,12
syn-shrawan-2083-0223,2083-Shrawan,27.619433,85.290935,theft,2,simulation,SYNTHETIC,21
syn-shrawan-2083-0224,2083-Shrawan,27.661835,85.250877,theft,2,simulation,SYNTHETIC,13
syn-shrawan-2083-0225,2083-Shrawan,27.672156,85.361635,theft,2,simulation,SYNTHETIC,17
syn-shrawan-2083-0226,2083-Shrawan,27.693729,85.205211,theft,2,simulation,SYNTHETIC,19
syn-shrawan-2083-0227,2083-Shrawan,27.689048,85.253873,theft,2,simulation,SYNTHETIC,20
syn-shrawan-2083-0228,2083-Shrawan,27.626052,85.477721,theft,2,simulation,SYNTHETIC,16
syn-shrawan-2083-0229,2083-Shrawan,27.606519,85.478070,theft,2,simulation,SYNTHETIC,7
syn-shrawan-2083-0230,2083-Shrawan,27.775169,85.475192,theft,2,simulation,SYNTHETIC,2
syn-shrawan-2083-0231,2083-Shrawan,27.626543,85.292790,theft,2,simulation,SYNTHETIC,22
syn-shrawan-2083-0232,2083-Shrawan,27.771896,85.339856,theft,2,simulation,SYNTHETIC,28
syn-shrawan-2083-0233,2083-Shrawan,27.632858,85.397230,theft,2,simulation,SYNTHETIC,26
syn-shrawan-2083-0234,2083-Shrawan,27.606875,85.204390,theft,2,simulation,SYNTHETIC,27
syn-shrawan-2083-0235,2083-Shrawan,27.628756,85.408658,theft,2,simulation,SYNTHETIC,11
syn-shrawan-2083-0236,2083-Shrawan,27.729292,85.401974,theft,2,simulation,SYNTHETIC,28
syn-shrawan-2083-0237,2083-Shrawan,27.723732,85.259700,theft,2,simulation,SYNTHETIC,4
syn-shrawan-2083-0238,2083-Shrawan,27.767772,85.209090,theft,2,simulation,SYNTHETIC,22
syn-shrawan-2083-0239,2083-Shrawan,27.770033,85.298664,theft,2,simulation,SYNTHETIC,21
syn-shrawan-2083-0240,2083-Shrawan,27.624020,85.351392,theft,2,simulation,SYNTHETIC,10
syn-shrawan-2083-0241,2083-Shrawan,27.647555,85.369009,theft,2,simulation,SYNTHETIC,13
syn-shrawan-2083-0242,2083-Shrawan,27.726849,85.290793,theft,2,simulation,SYNTHETIC,11
syn-shrawan-2083-0243,2083-Shrawan,27.717671,85.475186,theft,2,simulation,SYNTHETIC,21
syn-shrawan-2083-0244,2083-Shrawan,27.613113,85.303573,theft,2,simulation,SYNTHETIC,18
syn-shrawan-2083-0245,2083-Shrawan,27.644947,85.255279,theft,2,simulation,SYNTHETIC,25
syn-shrawan-2083-0246,2083-Shrawan,27.658881,85.373715,theft,2,simulation,SYNTHETIC,17
syn-shrawan-2083-0247,2083-Shrawan,27.741289,85.369828,theft,2,simulation,SYNTHETIC,5
syn-shrawan-2083-0248,2083-Shrawan,27.705199,85.331383,theft,2,simulation,SYNTHETIC,28
syn-shrawan-2083-0249,2083-Shrawan,27.731348,85.224722,theft,2,simulation,SYNTHETIC,3
syn-shrawan-2083-0250,2083-Shrawan,27.624316,85.482435,theft,2,simulation,SYNTHETIC,5
syn-shrawan-2083-0251,2083-Shrawan,27.672056,85.467824,theft,2,simulation,SYNTHETIC,25
syn-shrawan-2083-0252,2083-Shrawan,27.660470,85.369635,theft,2,simulation,SYNTHETIC,21
syn-shrawan-2083-0253,2083-Shrawan,27.614356,85.477786,theft,2,simulation,SYNTHETIC,23
syn-shrawan-2083-0254,2083-Shrawan,27.710496,85.398736,theft,2,simulation,SYNTHETIC,21
syn-shrawan-2083-0255,2083-Shrawan,27.712729,85.293131,theft,2,simulation,SYNTHETIC,8
syn-shrawan-2083-0256,2083-Shrawan,27.709968,85.321495,theft,2,simulation,SYNTHETIC,17
syn-shrawan-2083-0257,2083-Shrawan,27.639190,85.453764,theft,2,simulation,SYNTHETIC,24
syn-shrawan-2083-0258,2083-Shrawan,27.736427,85.211705,theft,2,simulation,SYNTHETIC,6
syn-shrawan-2083-0259,2083-Shrawan,27.664423,85.339510,theft,2,simulation,SYNTHETIC,6
syn-shrawan-2083-0260,2083-Shrawan,27.638876,85.268300,theft,2,simulation,SYNTHETIC,6
syn-shrawan-2083-0261,2083-Shrawan,27.620752,85.234681,theft,2,simulation,SYNTHETIC,26
syn-shrawan-2083-0262,2083-Shrawan,27.688264,85.350168,theft,2,simulation,SYNTHETIC,10
syn-shrawan-2083-0263,2083-Shrawan,27.661054,85.217920,theft,2,simulation,SYNTHETIC,11
syn-shrawan-2083-0264,2083-Shrawan,27.763495,85.459361,theft,2,simulation,SYNTHETIC,6
syn-shrawan-2083-0265,2083-Shrawan,27.665695,85.216275,theft,2,simulation,SYNTHETIC,21
syn-shrawan-2083-0266,2083-Shrawan,27.757709,85.361499,theft,2,simulation,SYNTHETIC,9
syn-shrawan-2083-0267,2083-Shrawan,27.607405,85.365536,theft,2,simulation,SYNTHETIC,7
syn-shrawan-2083-0268,2083-Shrawan,27.636610,85.233305,theft,2,simulation,SYNTHETIC,1
syn-shrawan-2083-0269,2083-Shrawan,27.752957,85.428874,theft,2,simulation,SYNTHETIC,15
syn-shrawan-2083-0270,2083-Shrawan,27.620505,85.275884,theft,2,simulation,SYNTHETIC,18
syn-shrawan-2083-0271,2083-Shrawan,27.601734,85.336696,theft,2,simulation,SYNTHETIC,3
syn-shrawan-2083-0272,2083-Shrawan,27.720912,85.497525,theft,2,simulation,SYNTHETIC,26
syn-shrawan-2083-0273,2083-Shrawan,27.746189,85.365993,theft,2,simulation,SYNTHETIC,0
syn-shrawan-2083-0274,2083-Shrawan,27.697216,85.370100,theft,2,simulation,SYNTHETIC,23
syn-shrawan-2083-0275,2083-Shrawan,27.708871,85.271094,theft,2,simulation,SYNTHETIC,12
syn-shrawan-2083-0276,2083-Shrawan,27.615182,85.367300,theft,2,simulation,SYNTHETIC,21
syn-shrawan-2083-0277,2083-Shrawan,27.756505,85.253455,theft,2,simulation,SYNTHETIC,5
syn-shrawan-2083-0278,2083-Shrawan,27.623483,85.319863,theft,2,simulation,SYNTHETIC,8
syn-shrawan-2083-0279,2083-Shrawan,27.654750,85.209536,theft,2,simulation,SYNTHETIC,5
syn-shrawan-2083-0280,2083-Shrawan,27.602908,85.241138,theft,2,simulation,SYNTHETIC,24
syn-shrawan-2083-0281,2083-Shrawan,27.739018,85.266855,theft,2,simulation,SYNTHETIC,1
syn-shrawan-2083-0282,2083-Shrawan,27.641931,85.304815,theft,2,simulation,SYNTHETIC,8
syn-shrawan-2083-0283,2083-Shrawan,27.778291,85.402559,theft,2,simulation,SYNTHETIC,4
syn-shrawan-2083-0284,2083-Shrawan,27.738041,85.263921,theft,2,simulation,SYNTHETIC,0
syn-shrawan-2083-0285,2083-Shrawan,27.771568,85.280171,theft,2,simulation,SYNTHETIC,9
syn-shrawan-2083-0286,2083-Shrawan,27.692933,85.405208,theft,2,simulation,SYNTHETIC,6
syn-shrawan-2083-0287,2083-Shrawan,27.761591,85.432248,theft,2,simulation,SYNTHETIC,21
syn-shrawan-2083-0288,2083-Shrawan,27.727557,85.304401,theft,2,simulation,SYNTHETIC,1
syn-shrawan-2083-0289,2083-Shrawan,27.629102,85.403347,theft,2,simulation,SYNTHETIC,14
syn-shrawan-2083-0290,2083-Shrawan,27.666408,85.404356,theft,2,simulation,SYNTHETIC,0
syn-shrawan-2083-0291,2083-Shrawan,27.624354,85.442531,theft,2,simulation,SYNTHETIC,1
syn-shrawan-2083-0292,2083-Shrawan,27.675535,85.448610,theft,2,simulation,SYNTHETIC,16
syn-shrawan-2083-0293,2083-Shrawan,27.732138,85.241650,theft,2,simulation,SYNTHETIC,6
syn-shrawan-2083-0294,2083-Shrawan,27.641832,85.385900,theft,2,simulation,SYNTHETIC,24
syn-shrawan-2083-0295,2083-Shrawan,27.773492,85.348296,theft,2,simulation,SYNTHETIC,27
syn-shrawan-2083-0296,2083-Shrawan,27.638412,85.485762,theft,2,simulation,SYNTHETIC,6
syn-shrawan-2083-0297,2083-Shrawan,27.652740,85.284610,theft,2,simulation,SYNTHETIC,12
syn-shrawan-2083-0298,2083-Shrawan,27.708676,85.489973,theft,2,simulation,SYNTHETIC,5
syn-shrawan-2083-0299,2083-Shrawan,27.643840,85.468623,theft,2,simulation,SYNTHETIC,23
syn-shrawan-2083-0300,2083-Shrawan,27.766127,85.238183,theft,2,simulation,SYNTHETIC,24
syn-shrawan-2083-0301,2083-Shrawan,27.766458,85.207380,theft,2,simulation,SYNTHETIC,0
syn-shrawan-2083-0302,2083-Shrawan,27.724422,85.367303,theft,2,simulation,SYNTHETIC,1
syn-shrawan-2083-0303,2083-Shrawan,27.730928,85.204453,theft,2,simulation,SYNTHETIC,21
syn-shrawan-2083-0304,2083-Shrawan,27.608832,85.261861,theft,2,simulation,SYNTHETIC,23
syn-shrawan-2083-0305,2083-Shrawan,27.623660,85.342287,theft,2,simulation,SYNTHETIC,20
syn-shrawan-2083-0306,2083-Shrawan,27.772385,85.445335,theft,2,simulation,SYNTHETIC,21
syn-shrawan-2083-0307,2083-Shrawan,27.621730,85.456000,theft,2,simulation,SYNTHETIC,19
syn-shrawan-2083-0308,2083-Shrawan,27.713849,85.419153,theft,2,simulation,SYNTHETIC,9
syn-shrawan-2083-0309,2083-Shrawan,27.618697,85.353435,theft,2,simulation,SYNTHETIC,20
syn-shrawan-2083-0310,2083-Shrawan,27.606486,85.295425,theft,2,simulation,SYNTHETIC,15
syn-shrawan-2083-0311,2083-Shrawan,27.614354,85.250224,theft,2,simulation,SYNTHETIC,16
syn-shrawan-2083-0312,2083-Shrawan,27.682576,85.200227,theft,2,simulation,SYNTHETIC,11
syn-shrawan-2083-0313,2083-Shrawan,27.620333,85.322126,theft,2,simulation,SYNTHETIC,0
syn-shrawan-2083-0314,2083-Shrawan,27.735204,85.265167,theft,2,simulation,SYNTHETIC,17
syn-shrawan-2083-0315,2083-Shrawan,27.702578,85.323671,theft,2,simulation,SYNTHETIC,10
syn-shrawan-2083-0316,2083-Shrawan,27.682018,85.244799,theft,2,simulation,SYNTHETIC,16
syn-shrawan-2083-0317,2083-Shrawan,27.611886,85.225951,theft,2,simulation,SYNTHETIC,1
syn-shrawan-2083-0318,2083-Shrawan,27.641867,85.314926,theft,2,simulation,SYNTHETIC,0
syn-shrawan-2083-0319,2083-Shrawan,27.646202,85.381004,theft,2,simulation,SYNTHETIC,2
syn-shrawan-2083-0320,2083-Shrawan,27.670636,85.390721,theft,2,simulation,SYNTHETIC,20
syn-shrawan-2083-0321,2083-Shrawan,27.694517,85.469332,theft,2,simulation,SYNTHETIC,17
syn-shrawan-2083-0322,2083-Shrawan,27.663473,85.272629,theft,2,simulation,SYNTHETIC,29
syn-shrawan-2083-0323,2083-Shrawan,27.753127,85.224522,theft,2,simulation,SYNTHETIC,22
syn-shrawan-2083-0324,2083-Shrawan,27.643196,85.450988,theft,2,simulation,SYNTHETIC,15
syn-shrawan-2083-0325,2083-Shrawan,27.732091,85.498352,theft,2,simulation,SYNTHETIC,3
syn-shrawan-2083-0326,2083-Shrawan,27.775246,85.395876,theft,2,simulation,SYNTHETIC,13
syn-shrawan-2083-0327,2083-Shrawan,27.704117,85.324995,theft,2,simulation,SYNTHETIC,1
syn-shrawan-2083-0328,2083-Shrawan,27.744320,85.395730,theft,2,simulation,SYNTHETIC,15
syn-shrawan-2083-0329,2083-Shrawan,27.681070,85.407668,theft,2,simulation,SYNTHETIC,10
syn-shrawan-2083-0330,2083-Shrawan,27.733094,85.305449,theft,2,simulation,SYNTHETIC,5
syn-shrawan-2083-0331,2083-Shrawan,27.636173,85.479112,theft,2,simulation,SYNTHETIC,29
syn-shrawan-2083-0332,2083-Shrawan,27.685399,85.290742,theft,2,simulation,SYNTHETIC,10
syn-shrawan-2083-0333,2083-Shrawan,27.713849,85.322329,theft,2,simulation,SYNTHETIC,1
syn-shrawan-2083-0334,2083-Shrawan,27.671164,85.429258,theft,2,simulation,SYNTHETIC,22
syn-shrawan-2083-0335,2083-Shrawan,27.645454,85.373871,theft,2,simulation,SYNTHETIC,7
syn-shrawan-2083-0336,2083-Shrawan,27.644592,85.419118,theft,2,simulation,SYNTHETIC,5
syn-shrawan-2083-0337,2083-Shrawan,27.649002,85.212309,theft,2,simulation,SYNTHETIC,16
syn-shrawan-2083-0338,2083-Shrawan,27.756688,85.270808,theft,2,simulation,SYNTHETIC,17
syn-shrawan-2083-0339,2083-Shrawan,27.675690,85.253207,theft,2,simulation,SYNTHETIC,0
syn-shrawan-2083-0340,2083-Shrawan,27.654561,85.287562,theft,2,simulation,SYNTHETIC,17
syn-shrawan-2083-0341,2083-Shrawan,27.766843,85.472564,theft,2,simulation,SYNTHETIC,18
syn-shrawan-2083-0342,2083-Shrawan,27.709294,85.491233,theft,2,simulation,SYNTHETIC,17
syn-shrawan-2083-0343,2083-Shrawan,27.643019,85.257188,theft,2,simulation,SYNTHETIC,12
syn-shrawan-2083-0344,2083-Shrawan,27.747658,85.393916,theft,2,simulation,SYNTHETIC,6
syn-shrawan-2083-0345,2083-Shrawan,27.733776,85.376438,theft,2,simulation,SYNTHETIC,5
syn-shrawan-2083-0346,2083-Shrawan,27.756987,85.268973,theft,2,simulation,SYNTHETIC,0
syn-shrawan-2083-0347,2083-Shrawan,27.693188,85.379071,theft,2,simulation,SYNTHETIC,4
syn-shrawan-2083-0348,2083-Shrawan,27.753240,85.207495,theft,2,simulation,SYNTHETIC,7
syn-shrawan-2083-0349,2083-Shrawan,27.603834,85.285207,theft,2,simulation,SYNTHETIC,15
syn-shrawan-2083-0350,2083-Shrawan,27.605966,85.376144,theft,2,simulation,SYNTHETIC,29
syn-shrawan-2083-0351,2083-Shrawan,27.632057,85.360552,theft,2,simulation,SYNTHETIC,9
syn-shrawan-2083-0352,2083-Shrawan,27.666798,85.288767,theft,2,simulation,SYNTHETIC,12
syn-shrawan-2083-0353,2083-Shrawan,27.710870,85.371604,theft,2,simulation,SYNTHETIC,24
syn-shrawan-2083-0354,2083-Shrawan,27.606487,85.285676,theft,2,simulation,SYNTHETIC,13
syn-shrawan-2083-0355,2083-Shrawan,27.675337,85.420505,theft,2,simulation,SYNTHETIC,15
syn-shrawan-2083-0356,2083-Shrawan,27.755586,85.349957,theft,2,simulation,SYNTHETIC,25
syn-shrawan-2083-0357,2083-Shrawan,27.729838,85.390104,theft,2,simulation,SYNTHETIC,20
syn-shrawan-2083-0358,2083-Shrawan,27.701940,85.498272,theft,2,simulation,SYNTHETIC,11
syn-shrawan-2083-0359,2083-Shrawan,27.668503,85.487532,theft,2,simulation,SYNTHETIC,26
syn-shrawan-2083-0360,2083-Shrawan,27.610455,85.433127,theft,2,simulation,SYNTHETIC,6
syn-shrawan-2083-0361,2083-Shrawan,27.750576,85.301819,theft,2,simulation,SYNTHETIC,1
syn-shrawan-2083-0362,2083-Shrawan,27.713344,85.353251,theft,2,simulation,SYNTHETIC,0
syn-shrawan-2083-0363,2083-Shrawan,27.732830,85.481636,theft,2,simulation,SYNTHETIC,22
syn-shrawan-2083-0364,2083-Shrawan,27.718546,85.457303,theft,2,simulation,SYNTHETIC,2
syn-shrawan-2083-0365,2083-Shrawan,27.772562,85.436773,theft,2,simulation,SYNTHETIC,21
syn-shrawan-2083-0366,2083-Shrawan,27.696430,85.262348,theft,2,simulation,SYNTHETIC,4
syn-shrawan-2083-0367,2083-Shrawan,27.758466,85.365323,theft,2,simulation,SYNTHETIC,7
syn-shrawan-2083-0368,2083-Shrawan,27.636570,85.361204,theft,2,simulation,SYNTHETIC,8
syn-shrawan-2083-0369,2083-Shrawan,27.654055,85.251411,theft,2,simulation,SYNTHETIC,11
syn-shrawan-2083-0370,2083-Shrawan,27.693521,85.280515,theft,2,simulation,SYNTHETIC,5
syn-shrawan-2083-0371,2083-Shrawan,27.710503,85.259455,theft,2,simulation,SYNTHETIC,23
syn-shrawan-2083-0372,2083-Shrawan,27.669327,85.443144,theft,2,simulation,SYNTHETIC,13
syn-shrawan-2083-0373,2083-Shrawan,27.614075,85.214127,theft,2,simulation,SYNTHETIC,18
syn-shrawan-2083-0374,2083-Shrawan,27.687374,85.202808,theft,2,simulation,SYNTHETIC,2
syn-shrawan-2083-0375,2083-Shrawan,27.698973,85.394160,theft,2,simulation,SYNTHETIC,4
syn-shrawan-2083-0376,2083-Shrawan,27.683171,85.374657,theft,2,simulation,SYNTHETIC,14
syn-shrawan-2083-0377,2083-Shrawan,27.630645,85.326628,theft,2,simulation,SYNTHETIC,28
syn-shrawan-2083-0378,2083-Shrawan,27.709190,85.451401,theft,2,simulation,SYNTHETIC,14
syn-shrawan-2083-0379,2083-Shrawan,27.708701,85.440110,theft,2,simulation,SYNTHETIC,9
syn-shrawan-2083-0380,2083-Shrawan,27.709107,85.239423,theft,2,simulation,SYNTHETIC,15
syn-shrawan-2083-0381,2083-Shrawan,27.723746,85.263959,theft,2,simulation,SYNTHETIC,3
syn-shrawan-2083-0382,2083-Shrawan,27.737964,85.391803,theft,2,simulation,SYNTHETIC,18
syn-shrawan-2083-0383,2083-Shrawan,27.649966,85.240485,theft,2,simulation,SYNTHETIC,1
syn-shrawan-2083-0384,2083-Shrawan,27.655202,85.424041,theft,2,simulation,SYNTHETIC,7
syn-shrawan-2083-0385,2083-Shrawan,27.736413,85.490985,theft,2,simulation,SYNTHETIC,14
syn-shrawan-2083-0386,2083-Shrawan,27.613378,85.392339,theft,2,simulation,SYNTHETIC,10
syn-shrawan-2083-0387,2083-Shrawan,27.715895,85.438938,theft,2,simulation,SYNTHETIC,1
syn-shrawan-2083-0388,2083-Shrawan,27.632996,85.262229,theft,2,simulation,SYNTHETIC,6
syn-shrawan-2083-0389,2083-Shrawan,27.612417,85.488158,theft,2,simulation,SYNTHETIC,14
syn-shrawan-2083-0390,2083-Shrawan,27.769413,85.215952,theft,2,simulation,SYNTHETIC,2
syn-shrawan-2083-0391,2083-Shrawan,27.637537,85.373858,theft,2,simulation,SYNTHETIC,19
syn-shrawan-2083-0392,2083-Shrawan,27.747615,85.208999,theft,2,simulation,SYNTHETIC,1
syn-shrawan-2083-0393,2083-Shrawan,27.773960,85.494368,theft,2,simulation,SYNTHETIC,4
syn-shrawan-2083-0394,2083-Shrawan,27.680868,85.208393,theft,2,simulation,SYNTHETIC,11
syn-shrawan-2083-0395,2083-Shrawan,27.612548,85.284262,theft,2,simulation,SYNTHETIC,4
syn-shrawan-2083-0396,2083-Shrawan,27.686248,85.396374,theft,2,simulation,SYNTHETIC,24
syn-shrawan-2083-0397,2083-Shrawan,27.627836,85.349696,theft,2,simulation,SYNTHETIC,6
syn-shrawan-2083-0398,2083-Shrawan,27.779983,85.421858,theft,2,simulation,SYNTHETIC,10
syn-shrawan-2083-0399,2083-Shrawan,27.608426,85.247620,theft,2,simulation,SYNTHETIC,0
syn-shrawan-2083-0400,2083-Shrawan,27.744705,85.497213,theft,2,simulation,SYNTHETIC,11
syn-shrawan-2083-0401,2083-Shrawan,27.653477,85.495886,theft,2,simulation,SYNTHETIC,15
syn-shrawan-2083-0402,2083-Shrawan,27.685343,85.388141,theft,2,simulation,SYNTHETIC,28
syn-shrawan-2083-0403,2083-Shrawan,27.726236,85.344923,theft,2,simulation,SYNTHETIC,16
syn-shrawan-2083-0404,2083-Shrawan,27.756719,85.498706,theft,2,simulation,SYNTHETIC,21
syn-shrawan-2083-0405,2083-Shrawan,27.611338,85.367345,theft,2,simulation,SYNTHETIC,20
syn-shrawan-2083-0406,2083-Shrawan,27.670255,85.230357,theft,2,simulation,SYNTHETIC,20
syn-shrawan-2083-0407,2083-Shrawan,27.675760,85.323312,theft,2,simulation,SYNTHETIC,14
syn-shrawan-2083-0408,2083-Shrawan,27.635694,85.262094,theft,2,simulation,SYNTHETIC,28
syn-shrawan-2083-0409,2083-Shrawan,27.675048,85.280473,theft,2,simulation,SYNTHETIC,22
syn-shrawan-2083-0410,2083-Shrawan,27.742787,85.277306,theft,2,simulation,SYNTHETIC,26
syn-shrawan-2083-0411,2083-Shrawan,27.778012,85.401575,theft,2,simulation,SYNTHETIC,17
syn-shrawan-2083-0412,2083-Shrawan,27.703580,85.320185,theft,2,simulation,SYNTHETIC,0
syn-shrawan-2083-0413,2083-Shrawan,27.635771,85.404160,theft,2,simulation,SYNTHETIC,4
syn-shrawan-2083-0414,2083-Shrawan,27.754654,85.319532,theft,2,simulation,SYNTHETIC,4
syn-shrawan-2083-0415,2083-Shrawan,27.656047,85.438834,theft,2,simulation,SYNTHETIC,22
syn-shrawan-2083-0416,2083-Shrawan,27.746567,85.439230,theft,2,simulation,SYNTHETIC,7
syn-shrawan-2083-0417,2083-Shrawan,27.652206,85.369236,theft,2,simulation,SYNTHETIC,16
syn-shrawan-2083-0418,2083-Shrawan,27.681136,85.321145,theft,2,simulation,SYNTHETIC,27
syn-shrawan-2083-0419,2083-Shrawan,27.640022,85.461720,theft,2,simulation,SYNTHETIC,15
syn-shrawan-2083-0420,2083-Shrawan,27.742279,85.346703,theft,2,simulation,SYNTHETIC,1
syn-shrawan-2083-0421,2083-Shrawan,27.764678,85.449704,theft,2,simulation,SYNTHETIC,16
syn-shrawan-2083-0422,2083-Shrawan,27.619224,85.276468,theft,2,simulation,SYNTHETIC,3
syn-shrawan-2083-0423,2083-Shrawan,27.697417,85.220362,theft,2,simulation,SYNTHETIC,26
syn-shrawan-2083-0424,2083-Shrawan,27.668161,85.201581,theft,2,simulation,SYNTHETIC,8
syn-shrawan-2083-0425,2083-Shrawan,27.756738,85.223561,theft,2,simulation,SYNTHETIC,13
syn-shrawan-2083-0426,2083-Shrawan,27.636172,85.275574,theft,2,simulation,SYNTHETIC,25
syn-shrawan-2083-0427,2083-Shrawan,27.744378,85.318497,theft,2,simulation,SYNTHETIC,4
syn-shrawan-2083-0428,2083-Shrawan,27.625749,85.258650,theft,2,simulation,SYNTHETIC,18
syn-shrawan-2083-0429,2083-Shrawan,27.732727,85.296023,theft,2,simulation,SYNTHETIC,14
syn-shrawan-2083-0430,2083-Shrawan,27.645649,85.417761,theft,2,simulation,SYNTHETIC,5
syn-shrawan-2083-0431,2083-Shrawan,27.659112,85.338011,theft,2,simulation,SYNTHETIC,18
syn-shrawan-2083-0432,2083-Shrawan,27.760498,85.453426,theft,2,simulation,SYNTHETIC,25
syn-shrawan-2083-0433,2083-Shrawan,27.664736,85.442963,theft,2,simulation,SYNTHETIC,1
syn-shrawan-2083-0434,2083-Shrawan,27.713674,85.287056,theft,2,simulation,SYNTHETIC,16
syn-shrawan-2083-0435,2083-Shrawan,27.703267,85.253227,theft,2,simulation,SYNTHETIC,16
syn-shrawan-2083-0436,2083-Shrawan,27.681871,85.409239,theft,2,simulation,SYNTHETIC,29
syn-shrawan-2083-0437,2083-Shrawan,27.627389,85.207375,theft,2,simulation,SYNTHETIC,6
syn-shrawan-2083-0438,2083-Shrawan,27.621527,85.478775,theft,2,simulation,SYNTHETIC,10
syn-shrawan-2083-0439,2083-Shrawan,27.762235,85.405250,theft,2,simulation,SYNTHETIC,9
syn-shrawan-2083-0440,2083-Shrawan,27.653370,85.443053,theft,2,simulation,SYNTHETIC,28
syn-shrawan-2083-0441,2083-Shrawan,27.603907,85.256685,theft,2,simulation,SYNTHETIC,6
syn-shrawan-2083-0442,2083-Shrawan,27.617815,85.341234,theft,2,simulation,SYNTHETIC,2
syn-shrawan-2083-0443,2083-Shrawan,27.640326,85.481692,theft,2,simulation,SYNTHETIC,22
syn-shrawan-2083-0444,2083-Shrawan,27.747185,85.321572,theft,2,simulation,SYNTHETIC,22
syn-shrawan-2083-0445,2083-Shrawan,27.771869,85.483704,theft,2,simulation,SYNTHETIC,23
syn-shrawan-2083-0446,2083-Shrawan,27.656894,85.271649,theft,2,simulation,SYNTHETIC,14
syn-shrawan-2083-0447,2083-Shrawan,27.631736,85.422065,theft,2,simulation,SYNTHETIC,18
syn-shrawan-2083-0448,2083-Shrawan,27.683178,85.394209,theft,2,simulation,SYNTHETIC,17
syn-shrawan-2083-0449,2083-Shrawan,27.702125,85.209055,theft,2,simulation,SYNTHETIC,18
syn-shrawan-2083-0450,2083-Shrawan,27.685813,85.480309,theft,2,simulation,SYNTHETIC,27
syn-shrawan-2083-0451,2083-Shrawan,27.733254,85.244183,theft,2,simulation,SYNTHETIC,18
syn-shrawan-2083-0452,2083-Shrawan,27.776850,85.204465,theft,2,simulation,SYNTHETIC,19
syn-shrawan-2083-0453,2083-Shrawan,27.629286,85.217869,theft,2,simulation,SYNTHETIC,4
syn-shrawan-2083-0454,2083-Shrawan,27.626996,85.212059,theft,2,simulation,SYNTHETIC,7
syn-shrawan-2083-0455,2083-Shrawan,27.689654,85.361871,theft,2,simulation,SYNTHETIC,14
syn-shrawan-2083-0456,2083-Shrawan,27.686018,85.256296,theft,2,simulation,SYNTHETIC,23
syn-shrawan-2083-0457,2083-Shrawan,27.617236,85.438580,theft,2,simulation,SYNTHETIC,28
syn-shrawan-2083-0458,2083-Shrawan,27.728825,85.289180,theft,2,simulation,SYNTHETIC,28
syn-shrawan-2083-0459,2083-Shrawan,27.767682,85.439286,theft,2,simulation,SYNTHETIC,24
syn-shrawan-2083-0460,2083-Shrawan,27.610855,85.387016,theft,2,simulation,SYNTHETIC,27
syn-shrawan-2083-0461,2083-Shrawan,27.688101,85.346617,theft,2,simulation,SYNTHETIC,12
syn-shrawan-2083-0462,2083-Shrawan,27.661317,85.214719,theft,2,simulation,SYNTHETIC,6
syn-shrawan-2083-0463,2083-Shrawan,27.679614,85.302183,theft,2,simulation,SYNTHETIC,25
syn-shrawan-2083-0464,2083-Shrawan,27.647012,85.273312,theft,2,simulation,SYNTHETIC,4
syn-shrawan-2083-0465,2083-Shrawan,27.708112,85.250807,theft,2,simulation,SYNTHETIC,17
syn-shrawan-2083-0466,2083-Shrawan,27.639099,85.350320,theft,2,simulation,SYNTHETIC,8
syn-shrawan-2083-0467,2083-Shrawan,27.602287,85.201419,theft,2,simulation,SYNTHETIC,14
syn-shrawan-2083-0468,2083-Shrawan,27.696481,85.471924,theft,2,simulation,SYNTHETIC,20
syn-shrawan-2083-0469,2083-Shrawan,27.668798,85.495315,theft,2,simulation,SYNTHETIC,29
syn-shrawan-2083-0470,2083-Shrawan,27.698845,85.257644,theft,2,simulation,SYNTHETIC,6
syn-shrawan-2083-0471,2083-Shrawan,27.722566,85.499021,theft,2,simulation,SYNTHETIC,25
syn-shrawan-2083-0472,2083-Shrawan,27.685902,85.371551,theft,2,simulation,SYNTHETIC,10
syn-shrawan-2083-0473,2083-Shrawan,27.606955,85.484916,theft,2,simulation,SYNTHETIC,3
syn-shrawan-2083-0474,2083-Shrawan,27.603374,85.267413,theft,2,simulation,SYNTHETIC,23
syn-shrawan-2083-0475,2083-Shrawan,27.645164,85.322123,theft,2,simulation,SYNTHETIC,17
syn-shrawan-2083-0476,2083-Shrawan,27.707010,85.307560,theft,2,simulation,SYNTHETIC,1
syn-shrawan-2083-0477,2083-Shrawan,27.711814,85.416422,theft,2,simulation,SYNTHETIC,3
syn-shrawan-2083-0478,2083-Shrawan,27.729602,85.215159,theft,2,simulation,SYNTHETIC,7
syn-shrawan-2083-0479,2083-Shrawan,27.763776,85.205082,theft,2,simulation,SYNTHETIC,16
syn-shrawan-2083-0480,2083-Shrawan,27.738878,85.466042,theft,2,simulation,SYNTHETIC,14
syn-shrawan-2083-0481,2083-Shrawan,27.772857,85.274076,theft,2,simulation,SYNTHETIC,26
syn-shrawan-2083-0482,2083-Shrawan,27.742523,85.457735,theft,2,simulation,SYNTHETIC,17
syn-shrawan-2083-0483,2083-Shrawan,27.721438,85.315101,theft,2,simulation,SYNTHETIC,18
syn-shrawan-2083-0484,2083-Shrawan,27.736688,85.378790,theft,2,simulation,SYNTHETIC,2
syn-shrawan-2083-0485,2083-Shrawan,27.686717,85.321718,theft,2,simulation,SYNTHETIC,1
syn-shrawan-2083-0486,2083-Shrawan,27.642414,85.459650,theft,2,simulation,SYNTHETIC,14
syn-shrawan-2083-0487,2083-Shrawan,27.751072,85.331649,theft,2,simulation,SYNTHETIC,14
syn-shrawan-2083-0488,2083-Shrawan,27.656669,85.485753,theft,2,simulation,SYNTHETIC,0
syn-shrawan-2083-0489,2083-Shrawan,27.726596,85.499545,theft,2,simulation,SYNTHETIC,19
syn-shrawan-2083-0490,2083-Shrawan,27.717455,85.213287,theft,2,simulation,SYNTHETIC,6
syn-shrawan-2083-0491,2083-Shrawan,27.752136,85.225009,theft,2,simulation,SYNTHETIC,4
syn-shrawan-2083-0492,2083-Shrawan,27.751935,85.416542,theft,2,simulation,SYNTHETIC,13
syn-shrawan-2083-0493,2083-Shrawan,27.682637,85.408277,theft,2,simulation,SYNTHETIC,23
syn-shrawan-2083-0494,2083-Shrawan,27.758936,85.232078,theft,2,simulation,SYNTHETIC,18
syn-shrawan-2083-0495,2083-Shrawan,27.644332,85.354257,theft,2,simulation,SYNTHETIC,10
syn-shrawan-2083-0496,2083-Shrawan,27.718876,85.417530,theft,2,simulation,SYNTHETIC,22
syn-shrawan-2083-0497,2083-Shrawan,27.626698,85.438524,theft,2,simulation,SYNTHETIC,14
syn-shrawan-2083-0498,2083-Shrawan,27.741264,85.430680,theft,2,simulation,SYNTHETIC,24
syn-shrawan-2083-0499,2083-Shrawan,27.724300,85.279990,theft,2,simulation,SYNTHETIC,18
syn-shrawan-2083-0500,2083-Shrawan,27.638806,85.426128,theft,2,simulation,SYNTHETIC,3
syn-shrawan-2083-0501,2083-Shrawan,27.699947,85.478199,theft,2,simulation,SYNTHETIC,6
syn-shrawan-2083-0502,2083-Shrawan,27.713925,85.381235,theft,2,simulation,SYNTHETIC,19
syn-shrawan-2083-0503,2083-Shrawan,27.616231,85.262107,theft,2,simulation,SYNTHETIC,16
syn-shrawan-2083-0504,2083-Shrawan,27.764559,85.368791,theft,2,simulation,SYNTHETIC,20
syn-shrawan-2083-0505,2083-Shrawan,27.606739,85.205754,theft,2,simulation,SYNTHETIC,11
syn-shrawan-2083-0506,2083-Shrawan,27.757624,85.209763,theft,2,simulation,SYNTHETIC,22
syn-shrawan-2083-0507,2083-Shrawan,27.672356,85.487968,theft,2,simulation,SYNTHETIC,25
syn-shrawan-2083-0508,2083-Shrawan,27.666703,85.234313,theft,2,simulation,SYNTHETIC,18
syn-shrawan-2083-0509,2083-Shrawan,27.623190,85.252082,theft,2,simulation,SYNTHETIC,2
syn-shrawan-2083-0510,2083-Shrawan,27.641761,85.271752,theft,2,simulation,SYNTHETIC,25
syn-shrawan-2083-0511,2083-Shrawan,27.724226,85.351229,theft,2,simulation,SYNTHETIC,10
syn-shrawan-2083-0512,2083-Shrawan,27.639076,85.348979,theft,2,simulation,SYNTHETIC,7
syn-shrawan-2083-0513,2083-Shrawan,27.753900,85.288873,theft,2,simulation,SYNTHETIC,7
syn-shrawan-2083-0514,2083-Shrawan,27.665444,85.221012,theft,2,simulation,SYNTHETIC,16
syn-shrawan-2083-0515,2083-Shrawan,27.670733,85.476683,theft,2,simulation,SYNTHETIC,7
syn-shrawan-2083-0516,2083-Shrawan,27.748332,85.255138,theft,2,simulation,SYNTHETIC,9
syn-shrawan-2083-0517,2083-Shrawan,27.655259,85.376253,theft,2,simulation,SYNTHETIC,12
syn-shrawan-2083-0518,2083-Shrawan,27.709226,85.260855,theft,2,simulation,SYNTHETIC,1
syn-shrawan-2083-0519,2083-Shrawan,27.773807,85.361398,theft,2,simulation,SYNTHETIC,7
syn-shrawan-2083-0520,2083-Shrawan,27.697164,85.369750,theft,2,simulation,SYNTHETIC,28
syn-shrawan-2083-0521,2083-Shrawan,27.648769,85.277513,theft,2,simulation,SYNTHETIC,25
syn-shrawan-2083-0522,2083-Shrawan,27.689756,85.241657,theft,2,simulation,SYNTHETIC,3
syn-shrawan-2083-0523,2083-Shrawan,27.657727,85.477485,theft,2,simulation,SYNTHETIC,7
syn-shrawan-2083-0524,2083-Shrawan,27.655920,85.474486,theft,2,simulation,SYNTHETIC,9
syn-shrawan-2083-0525,2083-Shrawan,27.772828,85.223738,theft,2,simulation,SYNTHETIC,7
syn-shrawan-2083-0526,2083-Shrawan,27.614521,85.443875,theft,2,simulation,SYNTHETIC,12
syn-shrawan-2083-0527,2083-Shrawan,27.732983,85.356797,theft,2,simulation,SYNTHETIC,12
syn-shrawan-2083-0528,2083-Shrawan,27.742276,85.263921,theft,2,simulation,SYNTHETIC,9
syn-shrawan-2083-0529,2083-Shrawan,27.626401,85.386154,theft,2,simulation,SYNTHETIC,19
syn-shrawan-2083-0530,2083-Shrawan,27.638876,85.460569,theft,2,simulation,SYNTHETIC,8
syn-shrawan-2083-0531,2083-Shrawan,27.630620,85.452869,theft,2,simulation,SYNTHETIC,20
syn-shrawan-2083-0532,2083-Shrawan,27.653670,85.353407,theft,2,simulation,SYNTHETIC,10
syn-shrawan-2083-0533,2083-Shrawan,27.643032,85.288996,theft,2,simulation,SYNTHETIC,13
syn-shrawan-2083-0534,2083-Shrawan,27.672546,85.468505,theft,2,simulation,SYNTHETIC,6
syn-shrawan-2083-0535,2083-Shrawan,27.618024,85.350429,theft,2,simulation,SYNTHETIC,5
syn-shrawan-2083-0536,2083-Shrawan,27.642170,85.423166,theft,2,simulation,SYNTHETIC,28
syn-shrawan-2083-0537,2083-Shrawan,27.618618,85.370725,theft,2,simulation,SYNTHETIC,0
syn-shrawan-2083-0538,2083-Shrawan,27.747791,85.251890,theft,2,simulation,SYNTHETIC,20
syn-shrawan-2083-0539,2083-Shrawan,27.672047,85.367764,theft,2,simulation,SYNTHETIC,12
syn-shrawan-2083-0540,2083-Shrawan,27.746477,85.250184,theft,2,simulation,SYNTHETIC,12
syn-shrawan-2083-0541,2083-Shrawan,27.721395,85.476390,theft,2,simulation,SYNTHETIC,17
syn-shrawan-2083-0542,2083-Shrawan,27.706416,85.417808,theft,2,simulation,SYNTHETIC,7
syn-shrawan-2083-0543,2083-Shrawan,27.750458,85.472285,theft,2,simulation,SYNTHETIC,12
syn-shrawan-2083-0544,2083-Shrawan,27.640742,85.454459,theft,2,simulation,SYNTHETIC,9
syn-shrawan-2083-0545,2083-Shrawan,27.717567,85.338956,theft,2,simulation,SYNTHETIC,8
syn-shrawan-2083-0546,2083-Shrawan,27.687815,85.417419,theft,2,simulation,SYNTHETIC,27
syn-shrawan-2083-0547,2083-Shrawan,27.627612,85.404576,theft,2,simulation,SYNTHETIC,22
syn-shrawan-2083-0548,2083-Shrawan,27.704886,85.461158,theft,2,simulation,SYNTHETIC,2
syn-shrawan-2083-0549,2083-Shrawan,27.751012,85.282415,theft,2,simulation,SYNTHETIC,21
syn-shrawan-2083-0550,2083-Shrawan,27.705241,85.361976,theft,2,simulation,SYNTHETIC,9
syn-shrawan-2083-0551,2083-Shrawan,27.765309,85.481257,theft,2,simulation,SYNTHETIC,12
syn-shrawan-2083-0552,2083-Shrawan,27.646114,85.255272,theft,2,simulation,SYNTHETIC,7
syn-shrawan-2083-0553,2083-Shrawan,27.760521,85.454478,theft,2,simulation,SYNTHETIC,26
syn-shrawan-2083-0554,2083-Shrawan,27.702484,85.497739,theft,2,simulation,SYNTHETIC,0
syn-shrawan-2083-0555,2083-Shrawan,27.694757,85.221971,theft,2,simulation,SYNTHETIC,4
syn-shrawan-2083-0556,2083-Shrawan,27.686303,85.280294,theft,2,simulation,SYNTHETIC,26
syn-shrawan-2083-0557,2083-Shrawan,27.702976,85.271677,theft,2,simulation,SYNTHETIC,11
syn-shrawan-2083-0558,2083-Shrawan,27.728147,85.378833,theft,2,simulation,SYNTHETIC,4
syn-shrawan-2083-0559,2083-Shrawan,27.610591,85.420799,theft,2,simulation,SYNTHETIC,7
syn-shrawan-2083-0560,2083-Shrawan,27.654966,85.207519,theft,2,simulation,SYNTHETIC,15
syn-shrawan-2083-0561,2083-Shrawan,27.735938,85.434677,theft,2,simulation,SYNTHETIC,20
syn-shrawan-2083-0562,2083-Shrawan,27.729707,85.452109,theft,2,simulation,SYNTHETIC,7
syn-shrawan-2083-0563,2083-Shrawan,27.762878,85.257422,theft,2,simulation,SYNTHETIC,28
syn-shrawan-2083-0564,2083-Shrawan,27.652456,85.377503,theft,2,simulation,SYNTHETIC,9
syn-shrawan-2083-0565,2083-Shrawan,27.738059,85.346617,theft,2,simulation,SYNTHETIC,20
syn-shrawan-2083-0566,2083-Shrawan,27.774548,85.443099,theft,2,simulation,SYNTHETIC,18
syn-shrawan-2083-0567,2083-Shrawan,27.658049,85.318344,theft,2,simulation,SYNTHETIC,22
syn-shrawan-2083-0568,2083-Shrawan,27.693127,85.490253,theft,2,simulation,SYNTHETIC,24
syn-shrawan-2083-0569,2083-Shrawan,27.750763,85.342292,theft,2,simulation,SYNTHETIC,6
syn-shrawan-2083-0570,2083-Shrawan,27.750160,85.407087,theft,2,simulation,SYNTHETIC,5
syn-shrawan-2083-0571,2083-Shrawan,27.664693,85.273488,theft,2,simulation,SYNTHETIC,3
syn-shrawan-2083-0572,2083-Shrawan,27.743108,85.395713,theft,2,simulation,SYNTHETIC,22
syn-shrawan-2083-0573,2083-Shrawan,27.729641,85.210987,theft,2,simulation,SYNTHETIC,11
syn-shrawan-2083-0574,2083-Shrawan,27.620672,85.484395,theft,2,simulation,SYNTHETIC,6
syn-shrawan-2083-0575,2083-Shrawan,27.745153,85.428468,theft,2,simulation,SYNTHETIC,2
syn-shrawan-2083-0576,2083-Shrawan,27.632409,85.411106,theft,2,simulation,SYNTHETIC,2
syn-shrawan-2083-0577,2083-Shrawan,27.738982,85.270773,theft,2,simulation,SYNTHETIC,1
syn-shrawan-2083-0578,2083-Shrawan,27.741939,85.273920,theft,2,simulation,SYNTHETIC,8
syn-shrawan-2083-0579,2083-Shrawan,27.618859,85.247864,theft,2,simulation,SYNTHETIC,26
syn-shrawan-2083-0580,2083-Shrawan,27.626016,85.466688,theft,2,simulation,SYNTHETIC,29
syn-shrawan-2083-0581,2083-Shrawan,27.607892,85.227081,theft,2,simulation,SYNTHETIC,26
syn-shrawan-2083-0582,2083-Shrawan,27.702332,85.314001,theft,2,simulation,SYNTHETIC,27
syn-shrawan-2083-0583,2083-Shrawan,27.668338,85.219803,theft,2,simulation,SYNTHETIC,25
syn-shrawan-2083-0584,2083-Shrawan,27.603691,85.456491,theft,2,simulation,SYNTHETIC,1
syn-shrawan-2083-0585,2083-Shrawan,27.631430,85.423373,theft,2,simulation,SYNTHETIC,7
syn-shrawan-2083-0586,2083-Shrawan,27.601456,85.434672,theft,2,simulation,SYNTHETIC,9
syn-shrawan-2083-0587,2083-Shrawan,27.603837,85.307161,theft,2,simulation,SYNTHETIC,29
syn-shrawan-2083-0588,2083-Shrawan,27.703141,85.345600,theft,2,simulation,SYNTHETIC,27
syn-shrawan-2083-0589,2083-Shrawan,27.625200,85.266704,theft,2,simulation,SYNTHETIC,18
syn-shrawan-2083-0590,2083-Shrawan,27.623952,85.320362,theft,2,simulation,SYNTHETIC,7
syn-shrawan-2083-0591,2083-Shrawan,27.687497,85.305701,theft,2,simulation,SYNTHETIC,19
syn-shrawan-2083-0592,2083-Shrawan,27.746258,85.460543,theft,2,simulation,SYNTHETIC,1
syn-shrawan-2083-0593,2083-Shrawan,27.626841,85.386008,theft,2,simulation,SYNTHETIC,24
syn-shrawan-2083-0594,2083-Shrawan,27.750590,85.497110,theft,2,simulation,SYNTHETIC,22
syn-shrawan-2083-0595,2083-Shrawan,27.643013,85.304451,theft,2,simulation,SYNTHETIC,6
syn-shrawan-2083-0596,2083-Shrawan,27.673112,85.364347,theft,2,simulation,SYNTHETIC,23
syn-shrawan-2083-0597,2083-Shrawan,27.642848,85.455907,theft,2,simulation,SYNTHETIC,8
syn-shrawan-2083-0598,2083-Shrawan,27.693837,85.233349,theft,2,simulation,SYNTHETIC,26
syn-shrawan-2083-0599,2083-Shrawan,27.601725,85.418648,theft,2,simulation,SYNTHETIC,14
syn-shrawan-2083-0600,2083-Shrawan,27.653384,85.492818,theft,2,simulation,SYNTHETIC,15
syn-shrawan-2083-0601,2083-Shrawan,27.664158,85.293857,theft,2,simulation,SYNTHETIC,9
syn-shrawan-2083-0602,2083-Shrawan,27.730080,85.318336,theft,2,simulation,SYNTHETIC,27
syn-shrawan-2083-0603,2083-Shrawan,27.741063,85.240551,theft,2,simulation,SYNTHETIC,22
syn-shrawan-2083-0604,2083-Shrawan,27.669933,85.303626,theft,2,simulation,SYNTHETIC,8
syn-shrawan-2083-0605,2083-Shrawan,27.778950,85.213456,theft,2,simulation,SYNTHETIC,1
syn-shrawan-2083-0606,2083-Shrawan,27.725700,85.457267,theft,2,simulation,SYNTHETIC,6
syn-shrawan-2083-0607,2083-Shrawan,27.636308,85.328432,theft,2,simulation,SYNTHETIC,9
syn-shrawan-2083-0608,2083-Shrawan,27.674171,85.264733,theft,2,simulation,SYNTHETIC,4
syn-shrawan-2083-0609,2083-Shrawan,27.716083,85.291708,theft,2,simulation,SYNTHETIC,12
syn-shrawan-2083-0610,2083-Shrawan,27.639180,85.297169,theft,2,simulation,SYNTHETIC,18
syn-shrawan-2083-0611,2083-Shrawan,27.651571,85.329069,theft,2,simulation,SYNTHETIC,28
syn-shrawan-2083-0612,2083-Shrawan,27.657949,85.383750,theft,2,simulation,SYNTHETIC,12
syn-shrawan-2083-0613,2083-Shrawan,27.717624,85.383066,theft,2,simulation,SYNTHETIC,6
syn-shrawan-2083-0614,2083-Shrawan,27.606435,85.272607,theft,2,simulation,SYNTHETIC,18
syn-shrawan-2083-0615,2083-Shrawan,27.720967,85.404049,theft,2,simulation,SYNTHETIC,20
syn-shrawan-2083-0616,2083-Shrawan,27.751632,85.354766,theft,2,simulation,SYNTHETIC,3
syn-shrawan-2083-0617,2083-Shrawan,27.643885,85.388067,theft,2,simulation,SYNTHETIC,18
syn-shrawan-2083-0618,2083-Shrawan,27.741553,85.335278,theft,2,simulation,SYNTHETIC,10
syn-shrawan-2083-0619,2083-Shrawan,27.735893,85.405185,theft,2,simulation,SYNTHETIC,24
syn-shrawan-2083-0620,2083-Shrawan,27.603052,85.474223,theft,2,simulation,SYNTHETIC,14
syn-shrawan-2083-0621,2083-Shrawan,27.739427,85.359369,theft,2,simulation,SYNTHETIC,8
syn-shrawan-2083-0622,2083-Shrawan,27.650136,85.406561,theft,2,simulation,SYNTHETIC,21
syn-shrawan-2083-0623,2083-Shrawan,27.679352,85.319375,theft,2,simulation,SYNTHETIC,10
syn-shrawan-2083-0624,2083-Shrawan,27.757030,85.452400,theft,2,simulation,SYNTHETIC,24
syn-shrawan-2083-0625,2083-Shrawan,27.693453,85.403003,theft,2,simulation,SYNTHETIC,28
syn-shrawan-2083-0626,2083-Shrawan,27.677421,85.467067,theft,2,simulation,SYNTHETIC,10
syn-shrawan-2083-0627,2083-Shrawan,27.673280,85.478197,suspicious,1,simulation,SYNTHETIC,21
syn-shrawan-2083-0628,2083-Shrawan,27.700145,85.222056,suspicious,1,simulation,SYNTHETIC,9
syn-shrawan-2083-0629,2083-Shrawan,27.693032,85.407649,suspicious,1,simulation,SYNTHETIC,27
syn-shrawan-2083-0630,2083-Shrawan,27.658378,85.372277,suspicious,1,simulation,SYNTHETIC,2
syn-shrawan-2083-0631,2083-Shrawan,27.609780,85.402574,suspicious,1,simulation,SYNTHETIC,27
syn-shrawan-2083-0632,2083-Shrawan,27.700459,85.320815,suspicious,1,simulation,SYNTHETIC,24
syn-shrawan-2083-0633,2083-Shrawan,27.652599,85.309757,suspicious,1,simulation,SYNTHETIC,23
syn-shrawan-2083-0634,2083-Shrawan,27.621964,85.458304,suspicious,1,simulation,SYNTHETIC,10
syn-shrawan-2083-0635,2083-Shrawan,27.702240,85.327804,suspicious,1,simulation,SYNTHETIC,5
syn-shrawan-2083-0636,2083-Shrawan,27.756851,85.398837,suspicious,1,simulation,SYNTHETIC,29
syn-shrawan-2083-0637,2083-Shrawan,27.688157,85.477314,suspicious,1,simulation,SYNTHETIC,6
syn-shrawan-2083-0638,2083-Shrawan,27.746732,85.476864,suspicious,1,simulation,SYNTHETIC,11
syn-shrawan-2083-0639,2083-Shrawan,27.737230,85.229269,suspicious,1,simulation,SYNTHETIC,28
syn-shrawan-2083-0640,2083-Shrawan,27.637687,85.478342,suspicious,1,simulation,SYNTHETIC,4
syn-shrawan-2083-0641,2083-Shrawan,27.729619,85.370085,suspicious,1,simulation,SYNTHETIC,24
syn-shrawan-2083-0642,2083-Shrawan,27.609966,85.473505,suspicious,1,simulation,SYNTHETIC,13
syn-shrawan-2083-0643,2083-Shrawan,27.713158,85.244151,suspicious,1,simulation,SYNTHETIC,23
syn-shrawan-2083-0644,2083-Shrawan,27.713476,85.366557,suspicious,1,simulation,SYNTHETIC,20
syn-shrawan-2083-0645,2083-Shrawan,27.629746,85.309122,suspicious,1,simulation,SYNTHETIC,11
syn-shrawan-2083-0646,2083-Shrawan,27.697546,85.398157,suspicious,1,simulation,SYNTHETIC,14
syn-shrawan-2083-0647,2083-Shrawan,27.736584,85.459448,suspicious,1,simulation,SYNTHETIC,10
syn-shrawan-2083-0648,2083-Shrawan,27.633236,85.498646,suspicious,1,simulation,SYNTHETIC,23
syn-shrawan-2083-0649,2083-Shrawan,27.733090,85.463367,suspicious,1,simulation,SYNTHETIC,22
syn-shrawan-2083-0650,2083-Shrawan,27.726717,85.412072,suspicious,1,simulation,SYNTHETIC,10
syn-shrawan-2083-0651,2083-Shrawan,27.612163,85.211613,suspicious,1,simulation,SYNTHETIC,22
syn-shrawan-2083-0652,2083-Shrawan,27.679218,85.362173,suspicious,1,simulation,SYNTHETIC,28
syn-shrawan-2083-0653,2083-Shrawan,27.753401,85.236159,suspicious,1,simulation,SYNTHETIC,19
syn-shrawan-2083-0654,2083-Shrawan,27.718964,85.330215,suspicious,1,simulation,SYNTHETIC,8
syn-shrawan-2083-0655,2083-Shrawan,27.687122,85.418132,suspicious,1,simulation,SYNTHETIC,20
syn-shrawan-2083-0656,2083-Shrawan,27.779719,85.329682,suspicious,1,simulation,SYNTHETIC,22
syn-shrawan-2083-0657,2083-Shrawan,27.612928,85.409453,suspicious,1,simulation,SYNTHETIC,15
syn-shrawan-2083-0658,2083-Shrawan,27.725159,85.313165,suspicious,1,simulation,SYNTHETIC,27
syn-shrawan-2083-0659,2083-Shrawan,27.696243,85.236338,suspicious,1,simulation,SYNTHETIC,9
syn-shrawan-2083-0660,2083-Shrawan,27.664629,85.200935,suspicious,1,simulation,SYNTHETIC,10
syn-shrawan-2083-0661,2083-Shrawan,27.642055,85.278566,suspicious,1,simulation,SYNTHETIC,24
syn-shrawan-2083-0662,2083-Shrawan,27.730199,85.497588,suspicious,1,simulation,SYNTHETIC,19
syn-shrawan-2083-0663,2083-Shrawan,27.778258,85.419793,suspicious,1,simulation,SYNTHETIC,27
syn-shrawan-2083-0664,2083-Shrawan,27.733431,85.431386,suspicious,1,simulation,SYNTHETIC,3
syn-shrawan-2083-0665,2083-Shrawan,27.742696,85.385268,suspicious,1,simulation,SYNTHETIC,7
syn-shrawan-2083-0666,2083-Shrawan,27.689285,85.329347,suspicious,1,simulation,SYNTHETIC,0
syn-shrawan-2083-0667,2083-Shrawan,27.779615,85.317534,suspicious,1,simulation,SYNTHETIC,10
syn-shrawan-2083-0668,2083-Shrawan,27.730326,85.398450,suspicious,1,simulation,SYNTHETIC,4
syn-shrawan-2083-0669,2083-Shrawan,27.683910,85.232017,suspicious,1,simulation,SYNTHETIC,5
syn-shrawan-2083-0670,2083-Shrawan,27.693061,85.238318,suspicious,1,simulation,SYNTHETIC,16
syn-shrawan-2083-0671,2083-Shrawan,27.666541,85.436510,suspicious,1,simulation,SYNTHETIC,15
syn-shrawan-2083-0672,2083-Shrawan,27.746176,85.432119,suspicious,1,simulation,SYNTHETIC,22
syn-shrawan-2083-0673,2083-Shrawan,27.683152,85.235164,suspicious,1,simulation,SYNTHETIC,8
syn-shrawan-2083-0674,2083-Shrawan,27.763787,85.268958,suspicious,1,simulation,SYNTHETIC,19
syn-shrawan-2083-0675,2083-Shrawan,27.771342,85.362506,suspicious,1,simulation,SYNTHETIC,19
syn-shrawan-2083-0676,2083-Shrawan,27.651951,85.311507,suspicious,1,simulation,SYNTHETIC,23
syn-shrawan-2083-0677,2083-Shrawan,27.751610,85.449939,suspicious,1,simulation,SYNTHETIC,15
syn-shrawan-2083-0678,2083-Shrawan,27.729726,85.255703,suspicious,1,simulation,SYNTHETIC,20
syn-shrawan-2083-0679,2083-Shrawan,27.643887,85.209888,suspicious,1,simulation,SYNTHETIC,16
syn-shrawan-2083-0680,2083-Shrawan,27.773362,85.203865,suspicious,1,simulation,SYNTHETIC,28
syn-shrawan-2083-0681,2083-Shrawan,27.747059,85.375018,suspicious,1,simulation,SYNTHETIC,17
syn-shrawan-2083-0682,2083-Shrawan,27.669955,85.207251,suspicious,1,simulation,SYNTHETIC,16
syn-shrawan-2083-0683,2083-Shrawan,27.724196,85.345451,suspicious,1,simulation,SYNTHETIC,29
syn-shrawan-2083-0684,2083-Shrawan,27.721382,85.497646,suspicious,1,simulation,SYNTHETIC,0
syn-shrawan-2083-0685,2083-Shrawan,27.602674,85.319497,suspicious,1,simulation,SYNTHETIC,23
syn-shrawan-2083-0686,2083-Shrawan,27.666760,85.238798,suspicious,1,simulation,SYNTHETIC,13
syn-shrawan-2083-0687,2083-Shrawan,27.657082,85.206722,suspicious,1,simulation,SYNTHETIC,27
syn-shrawan-2083-0688,2083-Shrawan,27.718329,85.356173,suspicious,1,simulation,SYNTHETIC,22
syn-shrawan-2083-0689,2083-Shrawan,27.605237,85.390085,suspicious,1,simulation,SYNTHETIC,22
syn-shrawan-2083-0690,2083-Shrawan,27.627825,85.366276,suspicious,1,simulation,SYNTHETIC,26
syn-shrawan-2083-0691,2083-Shrawan,27.714782,85.409991,suspicious,1,simulation,SYNTHETIC,10
syn-shrawan-2083-0692,2083-Shrawan,27.624198,85.293477,suspicious,1,simulation,SYNTHETIC,2
syn-shrawan-2083-0693,2083-Shrawan,27.741175,85.431316,suspicious,1,simulation,SYNTHETIC,13
syn-shrawan-2083-0694,2083-Shrawan,27.625393,85.251678,suspicious,1,simulation,SYNTHETIC,4
syn-shrawan-2083-0695,2083-Shrawan,27.778514,85.418412,suspicious,1,simulation,SYNTHETIC,13
syn-shrawan-2083-0696,2083-Shrawan,27.732942,85.348859,suspicious,1,simulation,SYNTHETIC,9
syn-shrawan-2083-0697,2083-Shrawan,27.693869,85.426604,suspicious,1,simulation,SYNTHETIC,12
syn-shrawan-2083-0698,2083-Shrawan,27.624580,85.263510,suspicious,1,simulation,SYNTHETIC,10
syn-shrawan-2083-0699,2083-Shrawan,27.734898,85.315466,suspicious,1,simulation,SYNTHETIC,3
syn-shrawan-2083-0700,2083-Shrawan,27.713381,85.211753,suspicious,1,simulation,SYNTHETIC,13
syn-shrawan-2083-0701,2083-Shrawan,27.680670,85.342957,suspicious,1,simulation,SYNTHETIC,11
syn-shrawan-2083-0702,2083-Shrawan,27.678046,85.491445,suspicious,1,simulation,SYNTHETIC,8
syn-shrawan-2083-0703,2083-Shrawan,27.608173,85.304121,suspicious,1,simulation,SYNTHETIC,9
syn-shrawan-2083-0704,2083-Shrawan,27.674422,85.223441,suspicious,1,simulation,SYNTHETIC,22
syn-shrawan-2083-0705,2083-Shrawan,27.663056,85.277142,suspicious,1,simulation,SYNTHETIC,18
syn-shrawan-2083-0706,2083-Shrawan,27.729194,85.429242,suspicious,1,simulation,SYNTHETIC,18
syn-shrawan-2083-0707,2083-Shrawan,27.774158,85.326970,suspicious,1,simulation,SYNTHETIC,13
syn-shrawan-2083-0708,2083-Shrawan,27.639287,85.457186,suspicious,1,simulation,SYNTHETIC,20
syn-shrawan-2083-0709,2083-Shrawan,27.728379,85.336145,suspicious,1,simulation,SYNTHETIC,1
syn-shrawan-2083-0710,2083-Shrawan,27.651097,85.314983,suspicious,1,simulation,SYNTHETIC,19
syn-shrawan-2083-0711,2083-Shrawan,27.666888,85.477696,suspicious,1,simulation,SYNTHETIC,5
syn-shrawan-2083-0712,2083-Shrawan,27.698434,85.253345,suspicious,1,simulation,SYNTHETIC,3
syn-shrawan-2083-0713,2083-Shrawan,27.626620,85.359702,suspicious,1,simulation,SYNTHETIC,6
syn-shrawan-2083-0714,2083-Shrawan,27.653333,85.392704,suspicious,1,simulation,SYNTHETIC,4
syn-shrawan-2083-0715,2083-Shrawan,27.733857,85.249143,suspicious,1,simulation,SYNTHETIC,19
syn-shrawan-2083-0716,2083-Shrawan,27.735851,85.361024,suspicious,1,simulation,SYNTHETIC,23
syn-shrawan-2083-0717,2083-Shrawan,27.630614,85.267747,suspicious,1,simulation,SYNTHETIC,21
syn-shrawan-2083-0718,2083-Shrawan,27.613912,85.434469,suspicious,1,simulation,SYNTHETIC,11
syn-shrawan-2083-0719,2083-Shrawan,27.740822,85.438331,suspicious,1,simulation,SYNTHETIC,29
syn-shrawan-2083-0720,2083-Shrawan,27.648422,85.312842,suspicious,1,simulation,SYNTHETIC,29
syn-shrawan-2083-0721,2083-Shrawan,27.713159,85.390568,suspicious,1,simulation,SYNTHETIC,11
syn-shrawan-2083-0722,2083-Shrawan,27.718503,85.436958,suspicious,1,simulation,SYNTHETIC,3
syn-shrawan-2083-0723,2083-Shrawan,27.712087,85.203709,suspicious,1,simulation,SYNTHETIC,19
syn-shrawan-2083-0724,2083-Shrawan,27.763047,85.234362,suspicious,1,simulation,SYNTHETIC,17
syn-shrawan-2083-0725,2083-Shrawan,27.659462,85.314495,suspicious,1,simulation,SYNTHETIC,22
syn-shrawan-2083-0726,2083-Shrawan,27.614113,85.481630,suspicious,1,simulation,SYNTHETIC,8
syn-shrawan-2083-0727,2083-Shrawan,27.757215,85.444976,suspicious,1,simulation,SYNTHETIC,27
syn-shrawan-2083-0728,2083-Shrawan,27.761197,85.464749,suspicious,1,simulation,SYNTHETIC,29
syn-shrawan-2083-0729,2083-Shrawan,27.718353,85.250916,suspicious,1,simulation,SYNTHETIC,5
syn-shrawan-2083-0730,2083-Shrawan,27.629449,85.222522,suspicious,1,simulation,SYNTHETIC,22
syn-shrawan-2083-0731,2083-Shrawan,27.760105,85.450763,suspicious,1,simulation,SYNTHETIC,10
syn-shrawan-2083-0732,2083-Shrawan,27.685605,85.240223,suspicious,1,simulation,SYNTHETIC,24
syn-shrawan-2083-0733,2083-Shrawan,27.640710,85.311465,suspicious,1,simulation,SYNTHETIC,28
syn-shrawan-2083-0734,2083-Shrawan,27.739105,85.340749,suspicious,1,simulation,SYNTHETIC,25
syn-shrawan-2083-0735,2083-Shrawan,27.771372,85.334507,suspicious,1,simulation,SYNTHETIC,13
syn-shrawan-2083-0736,2083-Shrawan,27.628770,85.366871,suspicious,1,simulation,SYNTHETIC,0
syn-shrawan-2083-0737,2083-Shrawan,27.758519,85.347156,suspicious,1,simulation,SYNTHETIC,2
syn-shrawan-2083-0738,2083-Shrawan,27.733803,85.279759,suspicious,1,simulation,SYNTHETIC,6
syn-shrawan-2083-0739,2083-Shrawan,27.649953,85.253814,suspicious,1,simulation,SYNTHETIC,14
syn-shrawan-2083-0740,2083-Shrawan,27.607965,85.484370,suspicious,1,simulation,SYNTHETIC,2
syn-shrawan-2083-0741,2083-Shrawan,27.703029,85.384305,suspicious,1,simulation,SYNTHETIC,25
syn-shrawan-2083-0742,2083-Shrawan,27.603845,85.450424,suspicious,1,simulation,SYNTHETIC,0
syn-shrawan-2083-0743,2083-Shrawan,27.604909,85.383637,suspicious,1,simulation,SYNTHETIC,15
syn-shrawan-2083-0744,2083-Shrawan,27.736438,85.497197,suspicious,1,simulation,SYNTHETIC,10
syn-shrawan-2083-0745,2083-Shrawan,27.765413,85.265038,suspicious,1,simulation,SYNTHETIC,24
syn-shrawan-2083-0746,2083-Shrawan,27.727982,85.370006,suspicious,1,simulation,SYNTHETIC,8
syn-shrawan-2083-0747,2083-Shrawan,27.733320,85.288570,suspicious,1,simulation,SYNTHETIC,26
syn-shrawan-2083-0748,2083-Shrawan,27.765492,85.224878,suspicious,1,simulation,SYNTHETIC,17
syn-shrawan-2083-0749,2083-Shrawan,27.688400,85.475206,suspicious,1,simulation,SYNTHETIC,9
syn-shrawan-2083-0750,2083-Shrawan,27.604873,85.474078,suspicious,1,simulation,SYNTHETIC,25
syn-shrawan-2083-0751,2083-Shrawan,27.755244,85.314581,suspicious,1,simulation,SYNTHETIC,16
syn-shrawan-2083-0752,2083-Shrawan,27.637126,85.397845,suspicious,1,simulation,SYNTHETIC,16
syn-shrawan-2083-0753,2083-Shrawan,27.622287,85.217505,suspicious,1,simulation,SYNTHETIC,26
syn-shrawan-2083-0754,2083-Shrawan,27.669337,85.415458,suspicious,1,simulation,SYNTHETIC,26
syn-shrawan-2083-0755,2083-Shrawan,27.651662,85.495481,suspicious,1,simulation,SYNTHETIC,16
syn-shrawan-2083-0756,2083-Shrawan,27.671937,85.400459,suspicious,1,simulation,SYNTHETIC,23
syn-shrawan-2083-0757,2083-Shrawan,27.743797,85.262636,suspicious,1,simulation,SYNTHETIC,1
syn-shrawan-2083-0758,2083-Shrawan,27.620576,85.239214,suspicious,1,simulation,SYNTHETIC,3
syn-shrawan-2083-0759,2083-Shrawan,27.616340,85.344469,suspicious,1,simulation,SYNTHETIC,26
syn-shrawan-2083-0760,2083-Shrawan,27.601963,85.237761,suspicious,1,simulation,SYNTHETIC,6
syn-shrawan-2083-0761,2083-Shrawan,27.761194,85.486292,suspicious,1,simulation,SYNTHETIC,17
syn-shrawan-2083-0762,2083-Shrawan,27.694552,85.397803,suspicious,1,simulation,SYNTHETIC,18
syn-shrawan-2083-0763,2083-Shrawan,27.757570,85.276025,suspicious,1,simulation,SYNTHETIC,0
syn-shrawan-2083-0764,2083-Shrawan,27.663147,85.477526,suspicious,1,simulation,SYNTHETIC,15
syn-shrawan-2083-0765,2083-Shrawan,27.754115,85.374810,suspicious,1,simulation,SYNTHETIC,29
syn-shrawan-2083-0766,2083-Shrawan,27.657720,85.245421,suspicious,1,simulation,SYNTHETIC,5
syn-shrawan-2083-0767,2083-Shrawan,27.670695,85.378511,suspicious,1,simulation,SYNTHETIC,22
syn-shrawan-2083-0768,2083-Shrawan,27.627126,85.294158,suspicious,1,simulation,SYNTHETIC,13
syn-shrawan-2083-0769,2083-Shrawan,27.701540,85.357277,suspicious,1,simulation,SYNTHETIC,23
syn-shrawan-2083-0770,2083-Shrawan,27.704290,85.425601,suspicious,1,simulation,SYNTHETIC,19
syn-shrawan-2083-0771,2083-Shrawan,27.667387,85.432747,suspicious,1,simulation,SYNTHETIC,18
syn-shrawan-2083-0772,2083-Shrawan,27.617023,85.416018,suspicious,1,simulation,SYNTHETIC,15
syn-shrawan-2083-0773,2083-Shrawan,27.776348,85.396920,suspicious,1,simulation,SYNTHETIC,5
syn-shrawan-2083-0774,2083-Shrawan,27.744217,85.241140,suspicious,1,simulation,SYNTHETIC,17
syn-shrawan-2083-0775,2083-Shrawan,27.732587,85.346912,suspicious,1,simulation,SYNTHETIC,0
syn-shrawan-2083-0776,2083-Shrawan,27.756923,85.452717,suspicious,1,simulation,SYNTHETIC,8
syn-shrawan-2083-0777,2083-Shrawan,27.749891,85.449585,suspicious,1,simulation,SYNTHETIC,22
syn-shrawan-2083-0778,2083-Shrawan,27.734095,85.370418,suspicious,1,simulation,SYNTHETIC,29
syn-shrawan-2083-0779,2083-Shrawan,27.705072,85.253052,suspicious,1,simulation,SYNTHETIC,26
syn-shrawan-2083-0780,2083-Shrawan,27.709738,85.253967,suspicious,1,simulation,SYNTHETIC,4
syn-shrawan-2083-0781,2083-Shrawan,27.675023,85.272113,suspicious,1,simulation,SYNTHETIC,13
syn-shrawan-2083-0782,2083-Shrawan,27.608153,85.369160,suspicious,1,simulation,SYNTHETIC,15
syn-shrawan-2083-0783,2083-Shrawan,27.722563,85.485534,suspicious,1,simulation,SYNTHETIC,4
syn-shrawan-2083-0784,2083-Shrawan,27.743129,85.326527,suspicious,1,simulation,SYNTHETIC,20
syn-shrawan-2083-0785,2083-Shrawan,27.741028,85.338438,suspicious,1,simulation,SYNTHETIC,9
syn-shrawan-2083-0786,2083-Shrawan,27.751537,85.271711,suspicious,1,simulation,SYNTHETIC,29
syn-shrawan-2083-0787,2083-Shrawan,27.657322,85.236737,suspicious,1,simulation,SYNTHETIC,27
syn-shrawan-2083-0788,2083-Shrawan,27.608190,85.310821,suspicious,1,simulation,SYNTHETIC,10
syn-shrawan-2083-0789,2083-Shrawan,27.758876,85.296211,suspicious,1,simulation,SYNTHETIC,29
syn-shrawan-2083-0790,2083-Shrawan,27.763060,85.380886,suspicious,1,simulation,SYNTHETIC,22
syn-shrawan-2083-0791,2083-Shrawan,27.733183,85.360310,suspicious,1,simulation,SYNTHETIC,6
syn-shrawan-2083-0792,2083-Shrawan,27.660570,85.293786,suspicious,1,simulation,SYNTHETIC,21
syn-shrawan-2083-0793,2083-Shrawan,27.680251,85.471758,suspicious,1,simulation,SYNTHETIC,24
syn-shrawan-2083-0794,2083-Shrawan,27.779614,85.310459,suspicious,1,simulation,SYNTHETIC,7
syn-shrawan-2083-0795,2083-Shrawan,27.699936,85.267290,suspicious,1,simulation,SYNTHETIC,2
syn-shrawan-2083-0796,2083-Shrawan,27.698719,85.209513,suspicious,1,simulation,SYNTHETIC,6
syn-shrawan-2083-0797,2083-Shrawan,27.718783,85.306196,suspicious,1,simulation,SYNTHETIC,14
syn-shrawan-2083-0798,2083-Shrawan,27.679435,85.219343,suspicious,1,simulation,SYNTHETIC,29
syn-shrawan-2083-0799,2083-Shrawan,27.746015,85.235412,suspicious,1,simulation,SYNTHETIC,25
syn-shrawan-2083-0800,2083-Shrawan,27.678963,85.454242,suspicious,1,simulation,SYNTHETIC,4
syn-shrawan-2083-0801,2083-Shrawan,27.766931,85.280516,suspicious,1,simulation,SYNTHETIC,8
syn-shrawan-2083-0802,2083-Shrawan,27.626396,85.351544,suspicious,1,simulation,SYNTHETIC,21
syn-shrawan-2083-0803,2083-Shrawan,27.715431,85.426917,suspicious,1,simulation,SYNTHETIC,7
syn-shrawan-2083-0804,2083-Shrawan,27.672066,85.317280,suspicious,1,simulation,SYNTHETIC,12
syn-shrawan-2083-0805,2083-Shrawan,27.646939,85.462432,suspicious,1,simulation,SYNTHETIC,20
syn-shrawan-2083-0806,2083-Shrawan,27.702523,85.470931,suspicious,1,simulation,SYNTHETIC,12
syn-shrawan-2083-0807,2083-Shrawan,27.719871,85.285160,suspicious,1,simulation,SYNTHETIC,11
syn-shrawan-2083-0808,2083-Shrawan,27.710999,85.204391,suspicious,1,simulation,SYNTHETIC,4
syn-shrawan-2083-0809,2083-Shrawan,27.619319,85.282836,suspicious,1,simulation,SYNTHETIC,14
syn-shrawan-2083-0810,2083-Shrawan,27.660928,85.254890,suspicious,1,simulation,SYNTHETIC,10
syn-shrawan-2083-0811,2083-Shrawan,27.701915,85.255343,suspicious,1,simulation,SYNTHETIC,26
syn-shrawan-2083-0812,2083-Shrawan,27.684581,85.205236,suspicious,1,simulation,SYNTHETIC,14
syn-shrawan-2083-0813,2083-Shrawan,27.717289,85.324640,suspicious,1,simulation,SYNTHETIC,21
syn-shrawan-2083-0814,2083-Shrawan,27.696331,85.285938,suspicious,1,simulation,SYNTHETIC,17
syn-shrawan-2083-0815,2083-Shrawan,27.690304,85.349688,suspicious,1,simulation,SYNTHETIC,0
syn-shrawan-2083-0816,2083-Shrawan,27.656682,85.231419,suspicious,1,simulation,SYNTHETIC,20
syn-shrawan-2083-0817,2083-Shrawan,27.760600,85.381845,suspicious,1,simulation,SYNTHETIC,11
syn-shrawan-2083-0818,2083-Shrawan,27.755374,85.355337,suspicious,1,simulation,SYNTHETIC,18
syn-shrawan-2083-0819,2083-Shrawan,27.653197,85.352343,suspicious,1,simulation,SYNTHETIC,6
syn-shrawan-2083-0820,2083-Shrawan,27.775689,85.426692,suspicious,1,simulation,SYNTHETIC,26
syn-shrawan-2083-0821,2083-Shrawan,27.607207,85.421629,suspicious,1,simulation,SYNTHETIC,21
syn-shrawan-2083-0822,2083-Shrawan,27.633906,85.267793,suspicious,1,simulation,SYNTHETIC,17
syn-shrawan-2083-0823,2083-Shrawan,27.700349,85.234359,suspicious,1,simulation,SYNTHETIC,1
syn-shrawan-2083-0824,2083-Shrawan,27.703909,85.325902,suspicious,1,simulation,SYNTHETIC,21
syn-shrawan-2083-0825,2083-Shrawan,27.606195,85.357277,suspicious,1,simulation,SYNTHETIC,5
syn-shrawan-2083-0826,2083-Shrawan,27.633422,85.311282,suspicious,1,simulation,SYNTHETIC,25
syn-shrawan-2083-0827,2083-Shrawan,27.630159,85.324032,suspicious,1,simulation,SYNTHETIC,13
syn-shrawan-2083-0828,2083-Shrawan,27.701597,85.414223,suspicious,1,simulation,SYNTHETIC,24
syn-shrawan-2083-0829,2083-Shrawan,27.640425,85.314768,suspicious,1,simulation,SYNTHETIC,9
syn-shrawan-2083-0830,2083-Shrawan,27.613859,85.431080,suspicious,1,simulation,SYNTHETIC,18
syn-shrawan-2083-0831,2083-Shrawan,27.742513,85.252928,suspicious,1,simulation,SYNTHETIC,4
syn-shrawan-2083-0832,2083-Shrawan,27.605311,85.213247,suspicious,1,simulation,SYNTHETIC,3
syn-shrawan-2083-0833,2083-Shrawan,27.692316,85.450820,suspicious,1,simulation,SYNTHETIC,26
syn-shrawan-2083-0834,2083-Shrawan,27.724923,85.222056,suspicious,1,simulation,SYNTHETIC,18
syn-shrawan-2083-0835,2083-Shrawan,27.663371,85.272908,suspicious,1,simulation,SYNTHETIC,9
syn-shrawan-2083-0836,2083-Shrawan,27.725258,85.295492,suspicious,1,simulation,SYNTHETIC,28
syn-shrawan-2083-0837,2083-Shrawan,27.691214,85.355217,suspicious,1,simulation,SYNTHETIC,12
syn-shrawan-2083-0838,2083-Shrawan,27.663136,85.428287,suspicious,1,simulation,SYNTHETIC,21
syn-shrawan-2083-0839,2083-Shrawan,27.712022,85.214458,suspicious,1,simulation,SYNTHETIC,19
syn-shrawan-2083-0840,2083-Shrawan,27.631340,85.403890,suspicious,1,simulation,SYNTHETIC,22
syn-shrawan-2083-0841,2083-Shrawan,27.685775,85.245223,suspicious,1,simulation,SYNTHETIC,21
syn-shrawan-2083-0842,2083-Shrawan,27.646798,85.414059,suspicious,1,simulation,SYNTHETIC,9
syn-shrawan-2083-0843,2083-Shrawan,27.666961,85.431639,suspicious,1,simulation,SYNTHETIC,1
syn-shrawan-2083-0844,2083-Shrawan,27.662578,85.327819,suspicious,1,simulation,SYNTHETIC,28
syn-shrawan-2083-0845,2083-Shrawan,27.629813,85.234901,suspicious,1,simulation,SYNTHETIC,21
syn-shrawan-2083-0846,2083-Shrawan,27.686042,85.245322,suspicious,1,simulation,SYNTHETIC,1
syn-shrawan-2083-0847,2083-Shrawan,27.731308,85.453979,suspicious,1,simulation,SYNTHETIC,5
syn-shrawan-2083-0848,2083-Shrawan,27.779600,85.362240,suspicious,1,simulation,SYNTHETIC,29
syn-shrawan-2083-0849,2083-Shrawan,27.735033,85.337143,suspicious,1,simulation,SYNTHETIC,13
syn-shrawan-2083-0850,2083-Shrawan,27.710182,85.495646,suspicious,1,simulation,SYNTHETIC,13
syn-shrawan-2083-0851,2083-Shrawan,27.723726,85.440600,suspicious,1,simulation,SYNTHETIC,7
syn-shrawan-2083-0852,2083-Shrawan,27.604881,85.351502,suspicious,1,simulation,SYNTHETIC,21
syn-shrawan-2083-0853,2083-Shrawan,27.689108,85.331235,suspicious,1,simulation,SYNTHETIC,21
syn-shrawan-2083-0854,2083-Shrawan,27.739518,85.465767,suspicious,1,simulation,SYNTHETIC,6
syn-shrawan-2083-0855,2083-Shrawan,27.765754,85.406910,suspicious,1,simulation,SYNTHETIC,22
syn-shrawan-2083-0856,2083-Shrawan,27.760435,85.294375,suspicious,1,simulation,SYNTHETIC,1
syn-shrawan-2083-0857,2083-Shrawan,27.762510,85.203750,suspicious,1,simulation,SYNTHETIC,2
syn-shrawan-2083-0858,2083-Shrawan,27.693824,85.380754,suspicious,1,simulation,SYNTHETIC,21
syn-shrawan-2083-0859,2083-Shrawan,27.661509,85.369164,suspicious,1,simulation,SYNTHETIC,3
syn-shrawan-2083-0860,2083-Shrawan,27.617618,85.461884,suspicious,1,simulation,SYNTHETIC,17
syn-shrawan-2083-0861,2083-Shrawan,27.672563,85.445605,suspicious,1,simulation,SYNTHETIC,7
syn-shrawan-2083-0862,2083-Shrawan,27.734659,85.303886,suspicious,1,simulation,SYNTHETIC,3
syn-shrawan-2083-0863,2083-Shrawan,27.610686,85.427214,suspicious,1,simulation,SYNTHETIC,22
syn-shrawan-2083-0864,2083-Shrawan,27.758767,85.254487,suspicious,1,simulation,SYNTHETIC,17
syn-shrawan-2083-0865,2083-Shrawan,27.758133,85.363076,suspicious,1,simulation,SYNTHETIC,16
syn-shrawan-2083-0866,2083-Shrawan,27.743735,85.281287,suspicious,1,simulation,SYNTHETIC,28
syn-shrawan-2083-0867,2083-Shrawan,27.720804,85.480742,suspicious,1,simulation,SYNTHETIC,4
syn-shrawan-2083-0868,2083-Shrawan,27.675328,85.200179,suspicious,1,simulation,SYNTHETIC,5
syn-shrawan-2083-0869,2083-Shrawan,27.703399,85.435591,suspicious,1,simulation,SYNTHETIC,23
syn-shrawan-2083-0870,2083-Shrawan,27.644490,85.306383,suspicious,1,simulation,SYNTHETIC,27
syn-shrawan-2083-0871,2083-Shrawan,27.609614,85.249320,suspicious,1,simulation,SYNTHETIC,3
syn-shrawan-2083-0872,2083-Shrawan,27.632181,85.470076,suspicious,1,simulation,SYNTHETIC,14
syn-shrawan-2083-0873,2083-Shrawan,27.634149,85.428117,suspicious,1,simulation,SYNTHETIC,4
syn-shrawan-2083-0874,2083-Shrawan,27.619085,85.268251,suspicious,1,simulation,SYNTHETIC,26
syn-shrawan-2083-0875,2083-Shrawan,27.613635,85.341571,suspicious,1,simulation,SYNTHETIC,18
syn-shrawan-2083-0876,2083-Shrawan,27.652848,85.463037,suspicious,1,simulation,SYNTHETIC,7
syn-shrawan-2083-0877,2083-Shrawan,27.635024,85.340944,suspicious,1,simulation,SYNTHETIC,26
syn-shrawan-2083-0878,2083-Shrawan,27.677989,85.422911,suspicious,1,simulation,SYNTHETIC,17
syn-shrawan-2083-0879,2083-Shrawan,27.763727,85.393782,suspicious,1,simulation,SYNTHETIC,10
syn-shrawan-2083-0880,2083-Shrawan,27.605258,85.485898,suspicious,1,simulation,SYNTHETIC,29
syn-shrawan-2083-0881,2083-Shrawan,27.721171,85.254687,suspicious,1,simulation,SYNTHETIC,14
syn-shrawan-2083-0882,2083-Shrawan,27.704355,85.301635,suspicious,1,simulation,SYNTHETIC,17
syn-shrawan-2083-0883,2083-Shrawan,27.753665,85.273251,suspicious,1,simulation,SYNTHETIC,16
syn-shrawan-2083-0884,2083-Shrawan,27.732776,85.330868,suspicious,1,simulation,SYNTHETIC,3
syn-shrawan-2083-0885,2083-Shrawan,27.642712,85.303314,suspicious,1,simulation,SYNTHETIC,24
syn-shrawan-2083-0886,2083-Shrawan,27.700364,85.345327,suspicious,1,simulation,SYNTHETIC,13
syn-shrawan-2083-0887,2083-Shrawan,27.752630,85.216696,suspicious,1,simulation,SYNTHETIC,29
syn-shrawan-2083-0888,2083-Shrawan,27.760165,85.426660,suspicious,1,simulation,SYNTHETIC,5
syn-shrawan-2083-0889,2083-Shrawan,27.745492,85.283016,suspicious,1,simulation,SYNTHETIC,5
syn-shrawan-2083-0890,2083-Shrawan,27.647732,85.429043,suspicious,1,simulation,SYNTHETIC,29
syn-shrawan-2083-0891,2083-Shrawan,27.617566,85.349037,suspicious,1,simulation,SYNTHETIC,2
syn-shrawan-2083-0892,2083-Shrawan,27.609182,85.214911,suspicious,1,simulation,SYNTHETIC,5
syn-shrawan-2083-0893,2083-Shrawan,27.656533,85.279726,suspicious,1,simulation,SYNTHETIC,28
syn-shrawan-2083-0894,2083-Shrawan,27.699568,85.315704,suspicious,1,simulation,SYNTHETIC,8
syn-shrawan-2083-0895,2083-Shrawan,27.686341,85.402861,suspicious,1,simulation,SYNTHETIC,17
syn-shrawan-2083-0896,2083-Shrawan,27.763489,85.478461,suspicious,1,simulation,SYNTHETIC,23
syn-shrawan-2083-0897,2083-Shrawan,27.707631,85.473105,suspicious,1,simulation,SYNTHETIC,24
syn-shrawan-2083-0898,2083-Shrawan,27.665759,85.253079,suspicious,1,simulation,SYNTHETIC,24
syn-shrawan-2083-0899,2083-Shrawan,27.717639,85.233879,suspicious,1,simulation,SYNTHETIC,21
syn-shrawan-2083-0900,2083-Shrawan,27.727566,85.223051,suspicious,1,simulation,SYNTHETIC,29
syn-shrawan-2083-0901,2083-Shrawan,27.615534,85.449805,suspicious,1,simulation,SYNTHETIC,17
syn-shrawan-2083-0902,2083-Shrawan,27.679083,85.303084,suspicious,1,simulation,SYNTHETIC,20
syn-shrawan-2083-0903,2083-Shrawan,27.608534,85.302697,suspicious,1,simulation,SYNTHETIC,8
syn-shrawan-2083-0904,2083-Shrawan,27.729321,85.388994,suspicious,1,simulation,SYNTHETIC,8
syn-shrawan-2083-0905,2083-Shrawan,27.602142,85.233824,suspicious,1,simulation,SYNTHETIC,21
syn-shrawan-2083-0906,2083-Shrawan,27.654233,85.367477,suspicious,1,simulation,SYNTHETIC,26
syn-shrawan-2083-0907,2083-Shrawan,27.625675,85.468207,suspicious,1,simulation,SYNTHETIC,25
syn-shrawan-2083-0908,2083-Shrawan,27.701072,85.344398,suspicious,1,simulation,SYNTHETIC,11
syn-shrawan-2083-0909,2083-Shrawan,27.643165,85.216756,suspicious,1,simulation,SYNTHETIC,19
syn-shrawan-2083-0910,2083-Shrawan,27.696935,85.248991,suspicious,1,simulation,SYNTHETIC,16
syn-shrawan-2083-0911,2083-Shrawan,27.731024,85.312906,suspicious,1,simulation,SYNTHETIC,4
syn-shrawan-2083-0912,2083-Shrawan,27.698597,85.486487,suspicious,1,simulation,SYNTHETIC,6
syn-shrawan-2083-0913,2083-Shrawan,27.778670,85.245767,suspicious,1,simulation,SYNTHETIC,4
syn-shrawan-2083-0914,2083-Shrawan,27.705353,85.361987,suspicious,1,simulation,SYNTHETIC,17
syn-shrawan-2083-0915,2083-Shrawan,27.608077,85.395472,suspicious,1,simulation,SYNTHETIC,28
syn-shrawan-2083-0916,2083-Shrawan,27.662946,85.352596,suspicious,1,simulation,SYNTHETIC,1
syn-shrawan-2083-0917,2083-Shrawan,27.603965,85.302087,suspicious,1,simulation,SYNTHETIC,8
syn-shrawan-2083-0918,2083-Shrawan,27.690970,85.481682,suspicious,1,simulation,SYNTHETIC,6
syn-shrawan-2083-0919,2083-Shrawan,27.779517,85.300887,suspicious,1,simulation,SYNTHETIC,21
syn-shrawan-2083-0920,2083-Shrawan,27.714680,85.317396,suspicious,1,simulation,SYNTHETIC,1
syn-shrawan-2083-0921,2083-Shrawan,27.604251,85.477850,suspicious,1,simulation,SYNTHETIC,5
syn-shrawan-2083-0922,2083-Shrawan,27.691121,85.296006,suspicious,1,simulation,SYNTHETIC,22
syn-shrawan-2083-0923,2083-Shrawan,27.752226,85.233438,suspicious,1,simulation,SYNTHETIC,9
syn-shrawan-2083-0924,2083-Shrawan,27.695251,85.327904,suspicious,1,simulation,SYNTHETIC,13
syn-shrawan-2083-0925,2083-Shrawan,27.661484,85.434086,suspicious,1,simulation,SYNTHETIC,28
syn-shrawan-2083-0926,2083-Shrawan,27.630381,85.499163,suspicious,1,simulation,SYNTHETIC,18
syn-shrawan-2083-0927,2083-Shrawan,27.610600,85.372900,suspicious,1,simulation,SYNTHETIC,9
syn-shrawan-2083-0928,2083-Shrawan,27.775196,85.302859,suspicious,1,simulation,SYNTHETIC,0
syn-shrawan-2083-0929,2083-Shrawan,27.646872,85.397668,suspicious,1,simulation,SYNTHETIC,25
syn-shrawan-2083-0930,2083-Shrawan,27.712986,85.240959,suspicious,1,simulation,SYNTHETIC,23
syn-shrawan-2083-0931,2083-Shrawan,27.644098,85.389215,suspicious,1,simulation,SYNTHETIC,14
syn-shrawan-2083-0932,2083-Shrawan,27.673826,85.298008,suspicious,1,simulation,SYNTHETIC,2
syn-shrawan-2083-0933,2083-Shrawan,27.677468,85.430051,suspicious,1,simulation,SYNTHETIC,1
syn-shrawan-2083-0934,2083-Shrawan,27.633476,85.320941,suspicious,1,simulation,SYNTHETIC,24
syn-shrawan-2083-0935,2083-Shrawan,27.659979,85.385980,suspicious,1,simulation,SYNTHETIC,29
syn-shrawan-2083-0936,2083-Shrawan,27.660121,85.413881,suspicious,1,simulation,SYNTHETIC,20
syn-shrawan-2083-0937,2083-Shrawan,27.640272,85.475589,suspicious,1,simulation,SYNTHETIC,14
syn-shrawan-2083-0938,2083-Shrawan,27.617747,85.291437,suspicious,1,simulation,SYNTHETIC,6
syn-shrawan-2083-0939,2083-Shrawan,27.677131,85.418054,suspicious,1,simulation,SYNTHETIC,0
syn-shrawan-2083-0940,2083-Shrawan,27.709493,85.497597,suspicious,1,simulation,SYNTHETIC,20
syn-shrawan-2083-0941,2083-Shrawan,27.612290,85.472262,suspicious,1,simulation,SYNTHETIC,4
syn-shrawan-2083-0942,2083-Shrawan,27.691704,85.208534,suspicious,1,simulation,SYNTHETIC,0
syn-shrawan-2083-0943,2083-Shrawan,27.601976,85.303601,suspicious,1,simulation,SYNTHETIC,25
syn-shrawan-2083-0944,2083-Shrawan,27.716118,85.365287,suspicious,1,simulation,SYNTHETIC,10
syn-shrawan-2083-0945,2083-Shrawan,27.609997,85.482612,suspicious,1,simulation,SYNTHETIC,21
syn-shrawan-2083-0946,2083-Shrawan,27.739697,85.445074,suspicious,1,simulation,SYNTHETIC,16
syn-shrawan-2083-0947,2083-Shrawan,27.672342,85.325881,suspicious,1,simulation,SYNTHETIC,28
syn-shrawan-2083-0948,2083-Shrawan,27.745524,85.446679,suspicious,1,simulation,SYNTHETIC,12
syn-shrawan-2083-0949,2083-Shrawan,27.666622,85.277711,suspicious,1,simulation,SYNTHETIC,24
syn-shrawan-2083-0950,2083-Shrawan,27.719930,85.254726,suspicious,1,simulation,SYNTHETIC,22
syn-shrawan-2083-0951,2083-Shrawan,27.720272,85.495092,suspicious,1,simulation,SYNTHETIC,2
syn-shrawan-2083-0952,2083-Shrawan,27.717120,85.428414,suspicious,1,simulation,SYNTHETIC,8
syn-shrawan-2083-0953,2083-Shrawan,27.660708,85.281967,suspicious,1,simulation,SYNTHETIC,27
syn-shrawan-2083-0954,2083-Shrawan,27.629027,85.351185,suspicious,1,simulation,SYNTHETIC,3
syn-shrawan-2083-0955,2083-Shrawan,27.669695,85.315592,suspicious,1,simulation,SYNTHETIC,26
syn-shrawan-2083-0956,2083-Shrawan,27.751351,85.447655,suspicious,1,simulation,SYNTHETIC,21
syn-shrawan-2083-0957,2083-Shrawan,27.624374,85.461578,suspicious,1,simulation,SYNTHETIC,20
syn-shrawan-2083-0958,2083-Shrawan,27.752954,85.441581,suspicious,1,simulation,SYNTHETIC,6
syn-shrawan-2083-0959,2083-Shrawan,27.769894,85.478797,suspicious,1,simulation,SYNTHETIC,12
syn-shrawan-2083-0960,2083-Shrawan,27.761170,85.462555,suspicious,1,simulation,SYNTHETIC,22
syn-shrawan-2083-0961,2083-Shrawan,27.684731,85.414463,suspicious,1,simulation,SYNTHETIC,17
syn-shrawan-2083-0962,2083-Shrawan,27.626468,85.428143,suspicious,1,simulation,SYNTHETIC,25
syn-shrawan-2083-0963,2083-Shrawan,27.650717,85.477085,suspicious,1,simulation,SYNTHETIC,12
syn-shrawan-2083-0964,2083-Shrawan,27.612522,85.401137,suspicious,1,simulation,SYNTHETIC,28
syn-shrawan-2083-0965,2083-Shrawan,27.736867,85.394454,suspicious,1,simulation,SYNTHETIC,23
syn-shrawan-2083-0966,2083-Shrawan,27.748291,85.267193,suspicious,1,simulation,SYNTHETIC,10
syn-shrawan-2083-0967,2083-Shrawan,27.650461,85.308994,suspicious,1,simulation,SYNTHETIC,8
syn-shrawan-2083-0968,2083-Shrawan,27.603503,85.465158,suspicious,1,simulation,SYNTHETIC,24
syn-shrawan-2083-0969,2083-Shrawan,27.711864,85.377594,suspicious,1,simulation,SYNTHETIC,19
syn-shrawan-2083-0970,2083-Shrawan,27.704195,85.449518,suspicious,1,simulation,SYNTHETIC,20
syn-shrawan-2083-0971,2083-Shrawan,27.632367,85.421055,suspicious,1,simulation,SYNTHETIC,11
syn-shrawan-2083-0972,2083-Shrawan,27.616917,85.440518,suspicious,1,simulation,SYNTHETIC,24
syn-shrawan-2083-0973,2083-Shrawan,27.728265,85.353323,suspicious,1,simulation,SYNTHETIC,18
syn-shrawan-2083-0974,2083-Shrawan,27.715186,85.341201,suspicious,1,simulation,SYNTHETIC,24
syn-shrawan-2083-0975,2083-Shrawan,27.730674,85.406553,suspicious,1,simulation,SYNTHETIC,16
syn-shrawan-2083-0976,2083-Shrawan,27.665883,85.240769,suspicious,1,simulation,SYNTHETIC,2
syn-shrawan-2083-0977,2083-Shrawan,27.640434,85.298390,suspicious,1,simulation,SYNTHETIC,3
syn-shrawan-2083-0978,2083-Shrawan,27.712971,85.398956,suspicious,1,simulation,SYNTHETIC,26
syn-shrawan-2083-0979,2083-Shrawan,27.772151,85.356530,suspicious,1,simulation,SYNTHETIC,16
syn-shrawan-2083-0980,2083-Shrawan,27.737208,85.385296,suspicious,1,simulation,SYNTHETIC,27
syn-shrawan-2083-0981,2083-Shrawan,27.702255,85.466285,suspicious,1,simulation,SYNTHETIC,12
syn-shrawan-2083-0982,2083-Shrawan,27.629896,85.249042,suspicious,1,simulation,SYNTHETIC,12
syn-shrawan-2083-0983,2083-Shrawan,27.744062,85.433356,suspicious,1,simulation,SYNTHETIC,16
syn-shrawan-2083-0984,2083-Shrawan,27.762191,85.288728,suspicious,1,simulation,SYNTHETIC,0
syn-shrawan-2083-0985,2083-Shrawan,27.609596,85.300015,suspicious,1,simulation,SYNTHETIC,14
syn-shrawan-2083-0986,2083-Shrawan,27.775549,85.293812,suspicious,1,simulation,SYNTHETIC,3
syn-shrawan-2083-0987,2083-Shrawan,27.764491,85.312161,suspicious,1,simulation,SYNTHETIC,23
syn-shrawan-2083-0988,2083-Shrawan,27.689568,85.413139,suspicious,1,simulation,SYNTHETIC,16
syn-shrawan-2083-0989,2083-Shrawan,27.709978,85.351033,suspicious,1,simulation,SYNTHETIC,15
syn-shrawan-2083-0990,2083-Shrawan,27.677207,85.484960,suspicious,1,simulation,SYNTHETIC,1
syn-shrawan-2083-0991,2083-Shrawan,27.675970,85.210459,suspicious,1,simulation,SYNTHETIC,1
syn-shrawan-2083-0992,2083-Shrawan,27.680259,85.309612,suspicious,1,simulation,SYNTHETIC,13
syn-shrawan-2083-0993,2083-Shrawan,27.752894,85.262124,suspicious,1,simulation,SYNTHETIC,12
syn-shrawan-2083-0994,2083-Shrawan,27.746319,85.477534,suspicious,1,simulation,SYNTHETIC,13
syn-shrawan-2083-0995,2083-Shrawan,27.688342,85.201261,suspicious,1,simulation,SYNTHETIC,27
syn-shrawan-2083-0996,2083-Shrawan,27.768633,85.250710,suspicious,1,simulation,SYNTHETIC,28
syn-shrawan-2083-0997,2083-Shrawan,27.779205,85.347081,suspicious,1,simulation,SYNTHETIC,23
syn-shrawan-2083-0998,2083-Shrawan,27.738212,85.353766,suspicious,1,simulation,SYNTHETIC,17
syn-shrawan-2083-0999,2083-Shrawan,27.761803,85.280003,suspicious,1,simulation,SYNTHETIC,15
syn-shrawan-2083-1000,2083-Shrawan,27.639954,85.430435,suspicious,1,simulation,SYNTHETIC,11
syn-shrawan-2083-1001,2083-Shrawan,27.693060,85.274959,suspicious,1,simulation,SYNTHETIC,15
syn-shrawan-2083-1002,2083-Shrawan,27.717206,85.280795,suspicious,1,simulation,SYNTHETIC,0
syn-shrawan-2083-1003,2083-Shrawan,27.606057,85.430592,suspicious,1,simulation,SYNTHETIC,6
syn-shrawan-2083-1004,2083-Shrawan,27.758714,85.483232,suspicious,1,simulation,SYNTHETIC,25
syn-shrawan-2083-1005,2083-Shrawan,27.684769,85.441739,suspicious,1,simulation,SYNTHETIC,0
syn-shrawan-2083-1006,2083-Shrawan,27.744330,85.241341,suspicious,1,simulation,SYNTHETIC,11
syn-shrawan-2083-1007,2083-Shrawan,27.776518,85.310884,suspicious,1,simulation,SYNTHETIC,2
syn-shrawan-2083-1008,2083-Shrawan,27.727521,85.348590,suspicious,1,simulation,SYNTHETIC,4
syn-shrawan-2083-1009,2083-Shrawan,27.758073,85.287204,suspicious,1,simulation,SYNTHETIC,25
syn-shrawan-2083-1010,2083-Shrawan,27.769819,85.451378,suspicious,1,simulation,SYNTHETIC,15
syn-shrawan-2083-1011,2083-Shrawan,27.713507,85.352910,suspicious,1,simulation,SYNTHETIC,4
syn-shrawan-2083-1012,2083-Shrawan,27.701256,85.282816,suspicious,1,simulation,SYNTHETIC,0
syn-shrawan-2083-1013,2083-Shrawan,27.720246,85.489840,suspicious,1,simulation,SYNTHETIC,15
syn-shrawan-2083-1014,2083-Shrawan,27.637585,85.453900,suspicious,1,simulation,SYNTHETIC,25
syn-shrawan-2083-1015,2083-Shrawan,27.775367,85.448162,suspicious,1,simulation,SYNTHETIC,25
syn-shrawan-2083-1016,2083-Shrawan,27.746160,85.294542,suspicious,1,simulation,SYNTHETIC,29
syn-shrawan-2083-1017,2083-Shrawan,27.778463,85.447585,suspicious,1,simulation,SYNTHETIC,28
syn-shrawan-2083-1018,2083-Shrawan,27.693849,85.352805,harassment,3,simulation,SYNTHETIC,22
syn-shrawan-2083-1019,2083-Shrawan,27.601447,85.263246,harassment,3,simulation,SYNTHETIC,1
syn-shrawan-2083-1020,2083-Shrawan,27.638552,85.255522,harassment,3,simulation,SYNTHETIC,25
syn-shrawan-2083-1021,2083-Shrawan,27.770881,85.227219,harassment,3,simulation,SYNTHETIC,18
syn-shrawan-2083-1022,2083-Shrawan,27.657122,85.225994,harassment,3,simulation,SYNTHETIC,20
syn-shrawan-2083-1023,2083-Shrawan,27.765886,85.206226,harassment,3,simulation,SYNTHETIC,7
syn-shrawan-2083-1024,2083-Shrawan,27.662868,85.213282,harassment,3,simulation,SYNTHETIC,18
syn-shrawan-2083-1025,2083-Shrawan,27.605861,85.340225,harassment,3,simulation,SYNTHETIC,16
syn-shrawan-2083-1026,2083-Shrawan,27.751717,85.431721,harassment,3,simulation,SYNTHETIC,15
syn-shrawan-2083-1027,2083-Shrawan,27.688133,85.338952,harassment,3,simulation,SYNTHETIC,1
syn-shrawan-2083-1028,2083-Shrawan,27.773699,85.207189,harassment,3,simulation,SYNTHETIC,9
syn-shrawan-2083-1029,2083-Shrawan,27.747771,85.277933,harassment,3,simulation,SYNTHETIC,11
syn-shrawan-2083-1030,2083-Shrawan,27.691988,85.497273,harassment,3,simulation,SYNTHETIC,28
syn-shrawan-2083-1031,2083-Shrawan,27.751143,85.305710,harassment,3,simulation,SYNTHETIC,9
syn-shrawan-2083-1032,2083-Shrawan,27.751523,85.464510,harassment,3,simulation,SYNTHETIC,18
syn-shrawan-2083-1033,2083-Shrawan,27.732812,85.413740,harassment,3,simulation,SYNTHETIC,17
syn-shrawan-2083-1034,2083-Shrawan,27.609475,85.354031,harassment,3,simulation,SYNTHETIC,28
syn-shrawan-2083-1035,2083-Shrawan,27.603190,85.423485,harassment,3,simulation,SYNTHETIC,26
syn-shrawan-2083-1036,2083-Shrawan,27.606814,85.227997,harassment,3,simulation,SYNTHETIC,0
syn-shrawan-2083-1037,2083-Shrawan,27.763295,85.255246,harassment,3,simulation,SYNTHETIC,8
syn-shrawan-2083-1038,2083-Shrawan,27.680151,85.257989,harassment,3,simulation,SYNTHETIC,26
syn-shrawan-2083-1039,2083-Shrawan,27.604224,85.254157,harassment,3,simulation,SYNTHETIC,0
syn-shrawan-2083-1040,2083-Shrawan,27.712219,85.441592,harassment,3,simulation,SYNTHETIC,12
syn-shrawan-2083-1041,2083-Shrawan,27.673821,85.204095,harassment,3,simulation,SYNTHETIC,5
syn-shrawan-2083-1042,2083-Shrawan,27.753951,85.309775,harassment,3,simulation,SYNTHETIC,26
syn-shrawan-2083-1043,2083-Shrawan,27.642726,85.353949,harassment,3,simulation,SYNTHETIC,25
syn-shrawan-2083-1044,2083-Shrawan,27.647491,85.295793,harassment,3,simulation,SYNTHETIC,3
syn-shrawan-2083-1045,2083-Shrawan,27.687788,85.256349,harassment,3,simulation,SYNTHETIC,28
syn-shrawan-2083-1046,2083-Shrawan,27.613775,85.263257,harassment,3,simulation,SYNTHETIC,24
syn-shrawan-2083-1047,2083-Shrawan,27.673979,85.370430,harassment,3,simulation,SYNTHETIC,29
syn-shrawan-2083-1048,2083-Shrawan,27.646856,85.209249,harassment,3,simulation,SYNTHETIC,14
syn-shrawan-2083-1049,2083-Shrawan,27.687666,85.251202,harassment,3,simulation,SYNTHETIC,20
syn-shrawan-2083-1050,2083-Shrawan,27.636150,85.386770,harassment,3,simulation,SYNTHETIC,27
syn-shrawan-2083-1051,2083-Shrawan,27.715706,85.232385,harassment,3,simulation,SYNTHETIC,23
syn-shrawan-2083-1052,2083-Shrawan,27.763516,85.498156,harassment,3,simulation,SYNTHETIC,26
syn-shrawan-2083-1053,2083-Shrawan,27.707480,85.350841,harassment,3,simulation,SYNTHETIC,3
syn-shrawan-2083-1054,2083-Shrawan,27.690743,85.316061,harassment,3,simulation,SYNTHETIC,10
syn-shrawan-2083-1055,2083-Shrawan,27.602013,85.452879,harassment,3,simulation,SYNTHETIC,21
syn-shrawan-2083-1056,2083-Shrawan,27.650968,85.360001,harassment,3,simulation,SYNTHETIC,29
syn-shrawan-2083-1057,2083-Shrawan,27.720944,85.209276,harassment,3,simulation,SYNTHETIC,21
syn-shrawan-2083-1058,2083-Shrawan,27.740901,85.412983,harassment,3,simulation,SYNTHETIC,12
syn-shrawan-2083-1059,2083-Shrawan,27.741562,85.340805,harassment,3,simulation,SYNTHETIC,9
syn-shrawan-2083-1060,2083-Shrawan,27.745824,85.373224,harassment,3,simulation,SYNTHETIC,29
syn-shrawan-2083-1061,2083-Shrawan,27.723667,85.462951,harassment,3,simulation,SYNTHETIC,11
syn-shrawan-2083-1062,2083-Shrawan,27.712428,85.319016,harassment,3,simulation,SYNTHETIC,2
syn-shrawan-2083-1063,2083-Shrawan,27.670929,85.491254,harassment,3,simulation,SYNTHETIC,14
syn-shrawan-2083-1064,2083-Shrawan,27.641819,85.389367,harassment,3,simulation,SYNTHETIC,11
syn-shrawan-2083-1065,2083-Shrawan,27.712884,85.350933,harassment,3,simulation,SYNTHETIC,14
syn-shrawan-2083-1066,2083-Shrawan,27.662756,85.267674,harassment,3,simulation,SYNTHETIC,2
syn-shrawan-2083-1067,2083-Shrawan,27.699064,85.399988,harassment,3,simulation,SYNTHETIC,19
syn-shrawan-2083-1068,2083-Shrawan,27.749711,85.369259,harassment,3,simulation,SYNTHETIC,0
syn-shrawan-2083-1069,2083-Shrawan,27.753146,85.347519,harassment,3,simulation,SYNTHETIC,5
syn-shrawan-2083-1070,2083-Shrawan,27.707724,85.294867,harassment,3,simulation,SYNTHETIC,8
syn-shrawan-2083-1071,2083-Shrawan,27.643818,85.422369,harassment,3,simulation,SYNTHETIC,23
syn-shrawan-2083-1072,2083-Shrawan,27.602730,85.389809,harassment,3,simulation,SYNTHETIC,24
syn-shrawan-2083-1073,2083-Shrawan,27.641396,85.465043,harassment,3,simulation,SYNTHETIC,27
syn-shrawan-2083-1074,2083-Shrawan,27.748138,85.361269,harassment,3,simulation,SYNTHETIC,23
syn-shrawan-2083-1075,2083-Shrawan,27.686437,85.272013,harassment,3,simulation,SYNTHETIC,2
syn-shrawan-2083-1076,2083-Shrawan,27.712297,85.322970,harassment,3,simulation,SYNTHETIC,11
syn-shrawan-2083-1077,2083-Shrawan,27.709891,85.259720,harassment,3,simulation,SYNTHETIC,28
syn-shrawan-2083-1078,2083-Shrawan,27.623309,85.275758,harassment,3,simulation,SYNTHETIC,10
syn-shrawan-2083-1079,2083-Shrawan,27.775003,85.429518,harassment,3,simulation,SYNTHETIC,4
syn-shrawan-2083-1080,2083-Shrawan,27.703671,85.363425,harassment,3,simulation,SYNTHETIC,12
syn-shrawan-2083-1081,2083-Shrawan,27.670378,85.348329,harassment,3,simulation,SYNTHETIC,1
syn-shrawan-2083-1082,2083-Shrawan,27.643740,85.484000,harassment,3,simulation,SYNTHETIC,14
syn-shrawan-2083-1083,2083-Shrawan,27.632725,85.306552,harassment,3,simulation,SYNTHETIC,2
syn-shrawan-2083-1084,2083-Shrawan,27.726235,85.356580,harassment,3,simulation,SYNTHETIC,4
syn-shrawan-2083-1085,2083-Shrawan,27.647987,85.218543,harassment,3,simulation,SYNTHETIC,1
syn-shrawan-2083-1086,2083-Shrawan,27.700176,85.361229,harassment,3,simulation,SYNTHETIC,3
syn-shrawan-2083-1087,2083-Shrawan,27.672033,85.285634,harassment,3,simulation,SYNTHETIC,28
syn-shrawan-2083-1088,2083-Shrawan,27.758093,85.453395,harassment,3,simulation,SYNTHETIC,6
syn-shrawan-2083-1089,2083-Shrawan,27.678268,85.390725,harassment,3,simulation,SYNTHETIC,9
syn-shrawan-2083-1090,2083-Shrawan,27.691174,85.323286,harassment,3,simulation,SYNTHETIC,27
syn-shrawan-2083-1091,2083-Shrawan,27.740414,85.430906,harassment,3,simulation,SYNTHETIC,21
syn-shrawan-2083-1092,2083-Shrawan,27.749672,85.293651,harassment,3,simulation,SYNTHETIC,25
syn-shrawan-2083-1093,2083-Shrawan,27.745806,85.264012,harassment,3,simulation,SYNTHETIC,27
syn-shrawan-2083-1094,2083-Shrawan,27.736406,85.344983,harassment,3,simulation,SYNTHETIC,24
syn-shrawan-2083-1095,2083-Shrawan,27.688921,85.440210,harassment,3,simulation,SYNTHETIC,6
syn-shrawan-2083-1096,2083-Shrawan,27.636017,85.294179,harassment,3,simulation,SYNTHETIC,2
syn-shrawan-2083-1097,2083-Shrawan,27.607856,85.454470,harassment,3,simulation,SYNTHETIC,27
syn-shrawan-2083-1098,2083-Shrawan,27.767868,85.449862,harassment,3,simulation,SYNTHETIC,3
syn-shrawan-2083-1099,2083-Shrawan,27.679295,85.383797,harassment,3,simulation,SYNTHETIC,25
syn-shrawan-2083-1100,2083-Shrawan,27.732461,85.293651,harassment,3,simulation,SYNTHETIC,25
syn-shrawan-2083-1101,2083-Shrawan,27.671439,85.208170,harassment,3,simulation,SYNTHETIC,14
syn-shrawan-2083-1102,2083-Shrawan,27.756186,85.410388,harassment,3,simulation,SYNTHETIC,3
syn-shrawan-2083-1103,2083-Shrawan,27.630638,85.349957,harassment,3,simulation,SYNTHETIC,14
syn-shrawan-2083-1104,2083-Shrawan,27.733367,85.480460,harassment,3,simulation,SYNTHETIC,10
syn-shrawan-2083-1105,2083-Shrawan,27.737329,85.346964,harassment,3,simulation,SYNTHETIC,16
syn-shrawan-2083-1106,2083-Shrawan,27.714213,85.472668,harassment,3,simulation,SYNTHETIC,15
syn-shrawan-2083-1107,2083-Shrawan,27.771580,85.492905,harassment,3,simulation,SYNTHETIC,27
syn-shrawan-2083-1108,2083-Shrawan,27.618620,85.305277,harassment,3,simulation,SYNTHETIC,24
syn-shrawan-2083-1109,2083-Shrawan,27.669373,85.379800,harassment,3,simulation,SYNTHETIC,3
syn-shrawan-2083-1110,2083-Shrawan,27.745089,85.494736,harassment,3,simulation,SYNTHETIC,18
syn-shrawan-2083-1111,2083-Shrawan,27.628857,85.353221,harassment,3,simulation,SYNTHETIC,27
syn-shrawan-2083-1112,2083-Shrawan,27.697560,85.454838,harassment,3,simulation,SYNTHETIC,6
syn-shrawan-2083-1113,2083-Shrawan,27.612581,85.387368,harassment,3,simulation,SYNTHETIC,20
syn-shrawan-2083-1114,2083-Shrawan,27.726968,85.362477,harassment,3,simulation,SYNTHETIC,11
syn-shrawan-2083-1115,2083-Shrawan,27.668273,85.296160,harassment,3,simulation,SYNTHETIC,29
syn-shrawan-2083-1116,2083-Shrawan,27.765046,85.438520,harassment,3,simulation,SYNTHETIC,19
syn-shrawan-2083-1117,2083-Shrawan,27.768424,85.362904,harassment,3,simulation,SYNTHETIC,7
syn-shrawan-2083-1118,2083-Shrawan,27.711593,85.422252,harassment,3,simulation,SYNTHETIC,19
syn-shrawan-2083-1119,2083-Shrawan,27.768943,85.488148,harassment,3,simulation,SYNTHETIC,7
syn-shrawan-2083-1120,2083-Shrawan,27.729337,85.314278,harassment,3,simulation,SYNTHETIC,3
syn-shrawan-2083-1121,2083-Shrawan,27.600770,85.266957,harassment,3,simulation,SYNTHETIC,11
syn-shrawan-2083-1122,2083-Shrawan,27.638901,85.444281,harassment,3,simulation,SYNTHETIC,10
syn-shrawan-2083-1123,2083-Shrawan,27.736786,85.406775,harassment,3,simulation,SYNTHETIC,23
syn-shrawan-2083-1124,2083-Shrawan,27.616473,85.455493,harassment,3,simulation,SYNTHETIC,16
syn-shrawan-2083-1125,2083-Shrawan,27.630914,85.228930,harassment,3,simulation,SYNTHETIC,17
syn-shrawan-2083-1126,2083-Shrawan,27.714856,85.205852,harassment,3,simulation,SYNTHETIC,7
syn-shrawan-2083-1127,2083-Shrawan,27.728194,85.454594,harassment,3,simulation,SYNTHETIC,26
syn-shrawan-2083-1128,2083-Shrawan,27.600852,85.235306,harassment,3,simulation,SYNTHETIC,23
syn-shrawan-2083-1129,2083-Shrawan,27.665116,85.403220,harassment,3,simulation,SYNTHETIC,25
syn-shrawan-2083-1130,2083-Shrawan,27.604689,85.358420,harassment,3,simulation,SYNTHETIC,17
syn-shrawan-2083-1131,2083-Shrawan,27.759806,85.422042,harassment,3,simulation,SYNTHETIC,27
syn-shrawan-2083-1132,2083-Shrawan,27.676683,85.479994,harassment,3,simulation,SYNTHETIC,24
syn-shrawan-2083-1133,2083-Shrawan,27.763103,85.362747,harassment,3,simulation,SYNTHETIC,21
syn-shrawan-2083-1134,2083-Shrawan,27.678739,85.217649,harassment,3,simulation,SYNTHETIC,21
syn-shrawan-2083-1135,2083-Shrawan,27.685338,85.419794,harassment,3,simulation,SYNTHETIC,0
syn-shrawan-2083-1136,2083-Shrawan,27.710007,85.217951,harassment,3,simulation,SYNTHETIC,3
syn-shrawan-2083-1137,2083-Shrawan,27.680962,85.387712,harassment,3,simulation,SYNTHETIC,5
syn-shrawan-2083-1138,2083-Shrawan,27.673073,85.290469,harassment,3,simulation,SYNTHETIC,25
syn-shrawan-2083-1139,2083-Shrawan,27.625408,85.375867,harassment,3,simulation,SYNTHETIC,26
syn-shrawan-2083-1140,2083-Shrawan,27.755970,85.225832,harassment,3,simulation,SYNTHETIC,6
syn-shrawan-2083-1141,2083-Shrawan,27.766866,85.482371,harassment,3,simulation,SYNTHETIC,12
syn-shrawan-2083-1142,2083-Shrawan,27.712082,85.328211,harassment,3,simulation,SYNTHETIC,2
syn-shrawan-2083-1143,2083-Shrawan,27.621271,85.267773,harassment,3,simulation,SYNTHETIC,1
syn-shrawan-2083-1144,2083-Shrawan,27.671040,85.448440,harassment,3,simulation,SYNTHETIC,29
syn-shrawan-2083-1145,2083-Shrawan,27.673074,85.227656,harassment,3,simulation,SYNTHETIC,9
syn-shrawan-2083-1146,2083-Shrawan,27.685245,85.269869,harassment,3,simulation,SYNTHETIC,9
syn-shrawan-2083-1147,2083-Shrawan,27.668431,85.335059,harassment,3,simulation,SYNTHETIC,19
syn-shrawan-2083-1148,2083-Shrawan,27.614849,85.343893,harassment,3,simulation,SYNTHETIC,15
syn-shrawan-2083-1149,2083-Shrawan,27.752626,85.252444,harassment,3,simulation,SYNTHETIC,15
syn-shrawan-2083-1150,2083-Shrawan,27.675224,85.414572,harassment,3,simulation,SYNTHETIC,9
syn-shrawan-2083-1151,2083-Shrawan,27.711050,85.292511,harassment,3,simulation,SYNTHETIC,18
syn-shrawan-2083-1152,2083-Shrawan,27.661357,85.480650,harassment,3,simulation,SYNTHETIC,17
syn-shrawan-2083-1153,2083-Shrawan,27.614199,85.481294,harassment,3,simulation,SYNTHETIC,19
syn-shrawan-2083-1154,2083-Shrawan,27.679508,85.237309,harassment,3,simulation,SYNTHETIC,11
syn-shrawan-2083-1155,2083-Shrawan,27.763088,85.239372,harassment,3,simulation,SYNTHETIC,17
syn-shrawan-2083-1156,2083-Shrawan,27.664015,85.487963,harassment,3,simulation,SYNTHETIC,18
syn-shrawan-2083-1157,2083-Shrawan,27.693530,85.291460,harassment,3,simulation,SYNTHETIC,9
syn-shrawan-2083-1158,2083-Shrawan,27.612775,85.436986,harassment,3,simulation,SYNTHETIC,19
syn-shrawan-2083-1159,2083-Shrawan,27.647134,85.334857,harassment,3,simulation,SYNTHETIC,4
syn-shrawan-2083-1160,2083-Shrawan,27.664622,85.236295,harassment,3,simulation,SYNTHETIC,1
syn-shrawan-2083-1161,2083-Shrawan,27.684868,85.386990,harassment,3,simulation,SYNTHETIC,7
syn-shrawan-2083-1162,2083-Shrawan,27.722165,85.280860,harassment,3,simulation,SYNTHETIC,29
syn-shrawan-2083-1163,2083-Shrawan,27.686835,85.285292,harassment,3,simulation,SYNTHETIC,3
syn-shrawan-2083-1164,2083-Shrawan,27.740558,85.399297,harassment,3,simulation,SYNTHETIC,16
syn-shrawan-2083-1165,2083-Shrawan,27.600880,85.272738,harassment,3,simulation,SYNTHETIC,10
syn-shrawan-2083-1166,2083-Shrawan,27.612646,85.384435,harassment,3,simulation,SYNTHETIC,1
syn-shrawan-2083-1167,2083-Shrawan,27.773882,85.363192,harassment,3,simulation,SYNTHETIC,2
syn-shrawan-2083-1168,2083-Shrawan,27.670089,85.423876,harassment,3,simulation,SYNTHETIC,8
syn-shrawan-2083-1169,2083-Shrawan,27.734452,85.286079,harassment,3,simulation,SYNTHETIC,17
syn-shrawan-2083-1170,2083-Shrawan,27.704675,85.440857,harassment,3,simulation,SYNTHETIC,27
syn-shrawan-2083-1171,2083-Shrawan,27.675489,85.353575,harassment,3,simulation,SYNTHETIC,2
syn-shrawan-2083-1172,2083-Shrawan,27.740419,85.409940,harassment,3,simulation,SYNTHETIC,8
syn-shrawan-2083-1173,2083-Shrawan,27.620817,85.419156,harassment,3,simulation,SYNTHETIC,8
syn-shrawan-2083-1174,2083-Shrawan,27.631318,85.388891,harassment,3,simulation,SYNTHETIC,8
syn-shrawan-2083-1175,2083-Shrawan,27.713287,85.397844,harassment,3,simulation,SYNTHETIC,17
syn-shrawan-2083-1176,2083-Shrawan,27.748191,85.276374,harassment,3,simulation,SYNTHETIC,8
syn-shrawan-2083-1177,2083-Shrawan,27.743464,85.239470,harassment,3,simulation,SYNTHETIC,21
syn-shrawan-2083-1178,2083-Shrawan,27.647045,85.383532,harassment,3,simulation,SYNTHETIC,2
syn-shrawan-2083-1179,2083-Shrawan,27.729594,85.280537,harassment,3,simulation,SYNTHETIC,6
syn-shrawan-2083-1180,2083-Shrawan,27.767107,85.464799,harassment,3,simulation,SYNTHETIC,10
syn-shrawan-2083-1181,2083-Shrawan,27.692242,85.391618,harassment,3,simulation,SYNTHETIC,16
syn-shrawan-2083-1182,2083-Shrawan,27.645363,85.408318,harassment,3,simulation,SYNTHETIC,8
syn-shrawan-2083-1183,2083-Shrawan,27.701974,85.379255,harassment,3,simulation,SYNTHETIC,26
syn-shrawan-2083-1184,2083-Shrawan,27.642375,85.407699,harassment,3,simulation,SYNTHETIC,16
syn-shrawan-2083-1185,2083-Shrawan,27.667117,85.237998,harassment,3,simulation,SYNTHETIC,13
syn-shrawan-2083-1186,2083-Shrawan,27.607485,85.443399,harassment,3,simulation,SYNTHETIC,7
syn-shrawan-2083-1187,2083-Shrawan,27.652042,85.373095,harassment,3,simulation,SYNTHETIC,20
syn-shrawan-2083-1188,2083-Shrawan,27.616654,85.362458,harassment,3,simulation,SYNTHETIC,9
syn-shrawan-2083-1189,2083-Shrawan,27.666004,85.371289,harassment,3,simulation,SYNTHETIC,12
syn-shrawan-2083-1190,2083-Shrawan,27.769224,85.378435,harassment,3,simulation,SYNTHETIC,13
syn-shrawan-2083-1191,2083-Shrawan,27.779440,85.279888,harassment,3,simulation,SYNTHETIC,28
syn-shrawan-2083-1192,2083-Shrawan,27.677189,85.287881,harassment,3,simulation,SYNTHETIC,29
syn-shrawan-2083-1193,2083-Shrawan,27.740126,85.206525,harassment,3,simulation,SYNTHETIC,10
syn-shrawan-2083-1194,2083-Shrawan,27.738299,85.434382,harassment,3,simulation,SYNTHETIC,23
syn-shrawan-2083-1195,2083-Shrawan,27.636933,85.367554,harassment,3,simulation,SYNTHETIC,28
syn-shrawan-2083-1196,2083-Shrawan,27.758829,85.314754,harassment,3,simulation,SYNTHETIC,29
syn-shrawan-2083-1197,2083-Shrawan,27.705325,85.435567,harassment,3,simulation,SYNTHETIC,24
syn-shrawan-2083-1198,2083-Shrawan,27.619233,85.233220,harassment,3,simulation,SYNTHETIC,24
syn-shrawan-2083-1199,2083-Shrawan,27.707546,85.459898,harassment,3,simulation,SYNTHETIC,2
syn-shrawan-2083-1200,2083-Shrawan,27.742613,85.237017,harassment,3,simulation,SYNTHETIC,3
syn-shrawan-2083-1201,2083-Shrawan,27.622766,85.401793,harassment,3,simulation,SYNTHETIC,4
syn-shrawan-2083-1202,2083-Shrawan,27.768040,85.429702,harassment,3,simulation,SYNTHETIC,13
syn-shrawan-2083-1203,2083-Shrawan,27.609699,85.432145,harassment,3,simulation,SYNTHETIC,0
syn-shrawan-2083-1204,2083-Shrawan,27.674601,85.325095,harassment,3,simulation,SYNTHETIC,13
syn-shrawan-2083-1205,2083-Shrawan,27.707481,85.327812,harassment,3,simulation,SYNTHETIC,13
syn-shrawan-2083-1206,2083-Shrawan,27.623886,85.394170,harassment,3,simulation,SYNTHETIC,3
syn-shrawan-2083-1207,2083-Shrawan,27.621260,85.466542,harassment,3,simulation,SYNTHETIC,25
syn-shrawan-2083-1208,2083-Shrawan,27.774654,85.437967,harassment,3,simulation,SYNTHETIC,10
syn-shrawan-2083-1209,2083-Shrawan,27.628173,85.404022,harassment,3,simulation,SYNTHETIC,29
syn-shrawan-2083-1210,2083-Shrawan,27.709906,85.210509,harassment,3,simulation,SYNTHETIC,10
syn-shrawan-2083-1211,2083-Shrawan,27.658468,85.313319,harassment,3,simulation,SYNTHETIC,22
syn-shrawan-2083-1212,2083-Shrawan,27.669844,85.485528,harassment,3,simulation,SYNTHETIC,0
syn-shrawan-2083-1213,2083-Shrawan,27.726732,85.220818,harassment,3,simulation,SYNTHETIC,26
syn-shrawan-2083-1214,2083-Shrawan,27.600369,85.328307,harassment,3,simulation,SYNTHETIC,8
syn-shrawan-2083-1215,2083-Shrawan,27.610650,85.477345,harassment,3,simulation,SYNTHETIC,17
syn-shrawan-2083-1216,2083-Shrawan,27.752173,85.267800,harassment,3,simulation,SYNTHETIC,1
syn-shrawan-2083-1217,2083-Shrawan,27.710898,85.302265,harassment,3,simulation,SYNTHETIC,21
syn-shrawan-2083-1218,2083-Shrawan,27.636385,85.383264,harassment,3,simulation,SYNTHETIC,14
syn-shrawan-2083-1219,2083-Shrawan,27.756682,85.225777,harassment,3,simulation,SYNTHETIC,5
syn-shrawan-2083-1220,2083-Shrawan,27.685303,85.392566,harassment,3,simulation,SYNTHETIC,25
syn-shrawan-2083-1221,2083-Shrawan,27.778501,85.374046,harassment,3,simulation,SYNTHETIC,18
syn-shrawan-2083-1222,2083-Shrawan,27.637326,85.274939,harassment,3,simulation,SYNTHETIC,9
syn-shrawan-2083-1223,2083-Shrawan,27.674123,85.287014,harassment,3,simulation,SYNTHETIC,14
syn-shrawan-2083-1224,2083-Shrawan,27.749975,85.347986,harassment,3,simulation,SYNTHETIC,11
syn-shrawan-2083-1225,2083-Shrawan,27.636719,85.473508,harassment,3,simulation,SYNTHETIC,13
syn-shrawan-2083-1226,2083-Shrawan,27.600160,85.365872,harassment,3,simulation,SYNTHETIC,14
syn-shrawan-2083-1227,2083-Shrawan,27.676962,85.486271,harassment,3,simulation,SYNTHETIC,21
syn-shrawan-2083-1228,2083-Shrawan,27.602804,85.381750,harassment,3,simulation,SYNTHETIC,14
syn-shrawan-2083-1229,2083-Shrawan,27.744803,85.284597,harassment,3,simulation,SYNTHETIC,9
syn-shrawan-2083-1230,2083-Shrawan,27.683887,85.441164,harassment,3,simulation,SYNTHETIC,14
syn-shrawan-2083-1231,2083-Shrawan,27.682920,85.338099,harassment,3,simulation,SYNTHETIC,7
syn-shrawan-2083-1232,2083-Shrawan,27.688145,85.413343,harassment,3,simulation,SYNTHETIC,26
syn-shrawan-2083-1233,2083-Shrawan,27.613687,85.255522,harassment,3,simulation,SYNTHETIC,27
syn-shrawan-2083-1234,2083-Shrawan,27.701253,85.442564,harassment,3,simulation,SYNTHETIC,15
syn-shrawan-2083-1235,2083-Shrawan,27.636231,85.491132,harassment,3,simulation,SYNTHETIC,25
syn-shrawan-2083-1236,2083-Shrawan,27.607712,85.380975,harassment,3,simulation,SYNTHETIC,3
syn-shrawan-2083-1237,2083-Shrawan,27.740929,85.331936,harassment,3,simulation,SYNTHETIC,3
syn-shrawan-2083-1238,2083-Shrawan,27.644942,85.366131,harassment,3,simulation,SYNTHETIC,16
syn-shrawan-2083-1239,2083-Shrawan,27.716858,85.295412,harassment,3,simulation,SYNTHETIC,13
syn-shrawan-2083-1240,2083-Shrawan,27.677635,85.499736,harassment,3,simulation,SYNTHETIC,28
syn-shrawan-2083-1241,2083-Shrawan,27.764434,85.313464,harassment,3,simulation,SYNTHETIC,5
syn-shrawan-2083-1242,2083-Shrawan,27.760425,85.387532,harassment,3,simulation,SYNTHETIC,24
syn-shrawan-2083-1243,2083-Shrawan,27.692072,85.337567,harassment,3,simulation,SYNTHETIC,15
syn-shrawan-2083-1244,2083-Shrawan,27.707648,85.282558,harassment,3,simulation,SYNTHETIC,22
syn-shrawan-2083-1245,2083-Shrawan,27.683369,85.216376,harassment,3,simulation,SYNTHETIC,29
syn-shrawan-2083-1246,2083-Shrawan,27.622660,85.254044,harassment,3,simulation,SYNTHETIC,26
syn-shrawan-2083-1247,2083-Shrawan,27.691322,85.264187,harassment,3,simulation,SYNTHETIC,3
syn-shrawan-2083-1248,2083-Shrawan,27.702096,85.350516,harassment,3,simulation,SYNTHETIC,6
syn-shrawan-2083-1249,2083-Shrawan,27.699731,85.300231,harassment,3,simulation,SYNTHETIC,2
syn-shrawan-2083-1250,2083-Shrawan,27.678822,85.357309,harassment,3,simulation,SYNTHETIC,7
syn-shrawan-2083-1251,2083-Shrawan,27.690356,85.288692,harassment,3,simulation,SYNTHETIC,19
syn-shrawan-2083-1252,2083-Shrawan,27.667441,85.334060,harassment,3,simulation,SYNTHETIC,5
syn-shrawan-2083-1253,2083-Shrawan,27.678996,85.491296,harassment,3,simulation,SYNTHETIC,0
syn-shrawan-2083-1254,2083-Shrawan,27.764265,85.375924,harassment,3,simulation,SYNTHETIC,4
syn-shrawan-2083-1255,2083-Shrawan,27.715506,85.451998,harassment,3,simulation,SYNTHETIC,6
syn-shrawan-2083-1256,2083-Shrawan,27.715967,85.341720,harassment,3,simulation,SYNTHETIC,16
syn-shrawan-2083-1257,2083-Shrawan,27.633286,85.210557,harassment,3,simulation,SYNTHETIC,29
syn-shrawan-2083-1258,2083-Shrawan,27.763878,85.451906,harassment,3,simulation,SYNTHETIC,11
syn-shrawan-2083-1259,2083-Shrawan,27.764099,85.482325,harassment,3,simulation,SYNTHETIC,26
syn-shrawan-2083-1260,2083-Shrawan,27.720349,85.347855,harassment,3,simulation,SYNTHETIC,18
syn-shrawan-2083-1261,2083-Shrawan,27.615495,85.289125,harassment,3,simulation,SYNTHETIC,29
syn-shrawan-2083-1262,2083-Shrawan,27.716060,85.340116,harassment,3,simulation,SYNTHETIC,2
syn-shrawan-2083-1263,2083-Shrawan,27.741905,85.474418,harassment,3,simulation,SYNTHETIC,16
syn-shrawan-2083-1264,2083-Shrawan,27.618811,85.326012,harassment,3,simulation,SYNTHETIC,29
syn-shrawan-2083-1265,2083-Shrawan,27.617806,85.328868,harassment,3,simulation,SYNTHETIC,17
syn-shrawan-2083-1266,2083-Shrawan,27.761460,85.444690,harassment,3,simulation,SYNTHETIC,19
syn-shrawan-2083-1267,2083-Shrawan,27.763586,85.283526,harassment,3,simulation,SYNTHETIC,5
syn-shrawan-2083-1268,2083-Shrawan,27.715513,85.429449,harassment,3,simulation,SYNTHETIC,10
syn-shrawan-2083-1269,2083-Shrawan,27.753043,85.241062,harassment,3,simulation,SYNTHETIC,24
syn-shrawan-2083-1270,2083-Shrawan,27.663701,85.331543,harassment,3,simulation,SYNTHETIC,25
syn-shrawan-2083-1271,2083-Shrawan,27.767061,85.404437,harassment,3,simulation,SYNTHETIC,4
syn-shrawan-2083-1272,2083-Shrawan,27.645900,85.295385,harassment,3,simulation,SYNTHETIC,12
syn-shrawan-2083-1273,2083-Shrawan,27.602295,85.370884,harassment,3,simulation,SYNTHETIC,18
syn-shrawan-2083-1274,2083-Shrawan,27.654265,85.281018,harassment,3,simulation,SYNTHETIC,1
syn-shrawan-2083-1275,2083-Shrawan,27.777738,85.280881,harassment,3,simulation,SYNTHETIC,18
syn-shrawan-2083-1276,2083-Shrawan,27.761668,85.224553,harassment,3,simulation,SYNTHETIC,1
syn-shrawan-2083-1277,2083-Shrawan,27.617238,85.390559,harassment,3,simulation,SYNTHETIC,5
syn-shrawan-2083-1278,2083-Shrawan,27.718717,85.419720,harassment,3,simulation,SYNTHETIC,7
syn-shrawan-2083-1279,2083-Shrawan,27.683549,85.265624,harassment,3,simulation,SYNTHETIC,14
syn-shrawan-2083-1280,2083-Shrawan,27.735051,85.462599,harassment,3,simulation,SYNTHETIC,6
syn-shrawan-2083-1281,2083-Shrawan,27.770613,85.218968,harassment,3,simulation,SYNTHETIC,23
syn-shrawan-2083-1282,2083-Shrawan,27.706474,85.445624,harassment,3,simulation,SYNTHETIC,1
syn-shrawan-2083-1283,2083-Shrawan,27.766723,85.326547,harassment,3,simulation,SYNTHETIC,7
syn-shrawan-2083-1284,2083-Shrawan,27.667109,85.284903,harassment,3,simulation,SYNTHETIC,2
syn-shrawan-2083-1285,2083-Shrawan,27.693278,85.300541,harassment,3,simulation,SYNTHETIC,5
syn-shrawan-2083-1286,2083-Shrawan,27.631288,85.335504,harassment,3,simulation,SYNTHETIC,0
syn-shrawan-2083-1287,2083-Shrawan,27.683226,85.369043,harassment,3,simulation,SYNTHETIC,25
syn-shrawan-2083-1288,2083-Shrawan,27.669712,85.461380,harassment,3,simulation,SYNTHETIC,11
syn-shrawan-2083-1289,2083-Shrawan,27.721280,85.451230,harassment,3,simulation,SYNTHETIC,17
syn-shrawan-2083-1290,2083-Shrawan,27.754646,85.398746,harassment,3,simulation,SYNTHETIC,26
syn-shrawan-2083-1291,2083-Shrawan,27.745830,85.220035,harassment,3,simulation,SYNTHETIC,25
syn-shrawan-2083-1292,2083-Shrawan,27.695898,85.452827,harassment,3,simulation,SYNTHETIC,10
syn-shrawan-2083-1293,2083-Shrawan,27.621391,85.454389,harassment,3,simulation,SYNTHETIC,27
syn-shrawan-2083-1294,2083-Shrawan,27.729264,85.316611,harassment,3,simulation,SYNTHETIC,14
syn-shrawan-2083-1295,2083-Shrawan,27.771717,85.393917,harassment,3,simulation,SYNTHETIC,20
syn-shrawan-2083-1296,2083-Shrawan,27.638299,85.365367,harassment,3,simulation,SYNTHETIC,28
syn-shrawan-2083-1297,2083-Shrawan,27.728530,85.264374,harassment,3,simulation,SYNTHETIC,14
syn-shrawan-2083-1298,2083-Shrawan,27.724867,85.481013,harassment,3,simulation,SYNTHETIC,26
syn-shrawan-2083-1299,2083-Shrawan,27.620583,85.335755,harassment,3,simulation,SYNTHETIC,3
syn-shrawan-2083-1300,2083-Shrawan,27.760324,85.364571,harassment,3,simulation,SYNTHETIC,4
syn-shrawan-2083-1301,2083-Shrawan,27.733518,85.450661,harassment,3,simulation,SYNTHETIC,16
syn-shrawan-2083-1302,2083-Shrawan,27.663442,85.321866,harassment,3,simulation,SYNTHETIC,11
syn-shrawan-2083-1303,2083-Shrawan,27.654161,85.212037,harassment,3,simulation,SYNTHETIC,4
syn-shrawan-2083-1304,2083-Shrawan,27.769779,85.225804,harassment,3,simulation,SYNTHETIC,22
syn-shrawan-2083-1305,2083-Shrawan,27.764613,85.290309,harassment,3,simulation,SYNTHETIC,22
syn-shrawan-2083-1306,2083-Shrawan,27.756150,85.387074,harassment,3,simulation,SYNTHETIC,18
syn-shrawan-2083-1307,2083-Shrawan,27.753109,85.394300,harassment,3,simulation,SYNTHETIC,7
syn-shrawan-2083-1308,2083-Shrawan,27.749618,85.272365,harassment,3,simulation,SYNTHETIC,24
syn-shrawan-2083-1309,2083-Shrawan,27.631237,85.291573,harassment,3,simulation,SYNTHETIC,22
syn-shrawan-2083-1310,2083-Shrawan,27.639087,85.314214,harassment,3,simulation,SYNTHETIC,9
syn-shrawan-2083-1311,2083-Shrawan,27.712202,85.355934,harassment,3,simulation,SYNTHETIC,19
syn-shrawan-2083-1312,2083-Shrawan,27.725510,85.227985,harassment,3,simulation,SYNTHETIC,8
syn-shrawan-2083-1313,2083-Shrawan,27.703358,85.406488,harassment,3,simulation,SYNTHETIC,21
syn-shrawan-2083-1314,2083-Shrawan,27.750081,85.207986,harassment,3,simulation,SYNTHETIC,26
syn-shrawan-2083-1315,2083-Shrawan,27.739755,85.277490,harassment,3,simulation,SYNTHETIC,17
syn-shrawan-2083-1316,2083-Shrawan,27.734910,85.385241,harassment,3,simulation,SYNTHETIC,7
syn-shrawan-2083-1317,2083-Shrawan,27.744948,85.265221,harassment,3,simulation,SYNTHETIC,27
syn-shrawan-2083-1318,2083-Shrawan,27.633707,85.412480,harassment,3,simulation,SYNTHETIC,5
syn-shrawan-2083-1319,2083-Shrawan,27.652232,85.330789,harassment,3,simulation,SYNTHETIC,12
syn-shrawan-2083-1320,2083-Shrawan,27.607323,85.266452,harassment,3,simulation,SYNTHETIC,10
syn-shrawan-2083-1321,2083-Shrawan,27.624966,85.340021,harassment,3,simulation,SYNTHETIC,29
syn-shrawan-2083-1322,2083-Shrawan,27.606720,85.442341,harassment,3,simulation,SYNTHETIC,6
syn-shrawan-2083-1323,2083-Shrawan,27.719955,85.487156,harassment,3,simulation,SYNTHETIC,3
syn-shrawan-2083-1324,2083-Shrawan,27.690442,85.228613,harassment,3,simulation,SYNTHETIC,29
syn-shrawan-2083-1325,2083-Shrawan,27.754297,85.321564,harassment,3,simulation,SYNTHETIC,1
syn-shrawan-2083-1326,2083-Shrawan,27.661076,85.311872,harassment,3,simulation,SYNTHETIC,4
syn-shrawan-2083-1327,2083-Shrawan,27.684881,85.470093,harassment,3,simulation,SYNTHETIC,4
syn-shrawan-2083-1328,2083-Shrawan,27.661861,85.438941,harassment,3,simulation,SYNTHETIC,8
syn-shrawan-2083-1329,2083-Shrawan,27.682076,85.365519,harassment,3,simulation,SYNTHETIC,15
syn-shrawan-2083-1330,2083-Shrawan,27.606748,85.376155,harassment,3,simulation,SYNTHETIC,20
syn-shrawan-2083-1331,2083-Shrawan,27.716348,85.447684,infrastructure,1,simulation,SYNTHETIC,8
syn-shrawan-2083-1332,2083-Shrawan,27.631030,85.422586,infrastructure,1,simulation,SYNTHETIC,9
syn-shrawan-2083-1333,2083-Shrawan,27.629862,85.442142,infrastructure,1,simulation,SYNTHETIC,17
syn-shrawan-2083-1334,2083-Shrawan,27.641507,85.373243,infrastructure,1,simulation,SYNTHETIC,24
syn-shrawan-2083-1335,2083-Shrawan,27.735762,85.435071,infrastructure,1,simulation,SYNTHETIC,23
syn-shrawan-2083-1336,2083-Shrawan,27.681164,85.359072,infrastructure,1,simulation,SYNTHETIC,11
syn-shrawan-2083-1337,2083-Shrawan,27.707062,85.296700,infrastructure,1,simulation,SYNTHETIC,1
syn-shrawan-2083-1338,2083-Shrawan,27.679866,85.231493,infrastructure,1,simulation,SYNTHETIC,1
syn-shrawan-2083-1339,2083-Shrawan,27.706143,85.352298,infrastructure,1,simulation,SYNTHETIC,19
syn-shrawan-2083-1340,2083-Shrawan,27.625771,85.279033,infrastructure,1,simulation,SYNTHETIC,7
syn-shrawan-2083-1341,2083-Shrawan,27.696078,85.203561,infrastructure,1,simulation,SYNTHETIC,22
syn-shrawan-2083-1342,2083-Shrawan,27.778375,85.481095,infrastructure,1,simulation,SYNTHETIC,21
syn-shrawan-2083-1343,2083-Shrawan,27.747463,85.357836,infrastructure,1,simulation,SYNTHETIC,5
syn-shrawan-2083-1344,2083-Shrawan,27.719504,85.287800,infrastructure,1,simulation,SYNTHETIC,25
syn-shrawan-2083-1345,2083-Shrawan,27.640589,85.371737,infrastructure,1,simulation,SYNTHETIC,13
syn-shrawan-2083-1346,2083-Shrawan,27.719444,85.483860,infrastructure,1,simulation,SYNTHETIC,4
syn-shrawan-2083-1347,2083-Shrawan,27.703738,85.253106,infrastructure,1,simulation,SYNTHETIC,23
syn-shrawan-2083-1348,2083-Shrawan,27.688008,85.217414,infrastructure,1,simulation,SYNTHETIC,3
syn-shrawan-2083-1349,2083-Shrawan,27.715419,85.234714,infrastructure,1,simulation,SYNTHETIC,17
syn-shrawan-2083-1350,2083-Shrawan,27.640893,85.270341,infrastructure,1,simulation,SYNTHETIC,4
syn-shrawan-2083-1351,2083-Shrawan,27.632784,85.428310,infrastructure,1,simulation,SYNTHETIC,5
syn-shrawan-2083-1352,2083-Shrawan,27.606471,85.483608,infrastructure,1,simulation,SYNTHETIC,14
syn-shrawan-2083-1353,2083-Shrawan,27.701422,85.432363,infrastructure,1,simulation,SYNTHETIC,2
syn-shrawan-2083-1354,2083-Shrawan,27.683416,85.448329,infrastructure,1,simulation,SYNTHETIC,18
syn-shrawan-2083-1355,2083-Shrawan,27.674589,85.294884,infrastructure,1,simulation,SYNTHETIC,3
syn-shrawan-2083-1356,2083-Shrawan,27.721539,85.299345,infrastructure,1,simulation,SYNTHETIC,2
syn-shrawan-2083-1357,2083-Shrawan,27.693828,85.467760,infrastructure,1,simulation,SYNTHETIC,3
syn-shrawan-2083-1358,2083-Shrawan,27.733133,85.421811,infrastructure,1,simulation,SYNTHETIC,10
syn-shrawan-2083-1359,2083-Shrawan,27.779237,85.424884,infrastructure,1,simulation,SYNTHETIC,7
syn-shrawan-2083-1360,2083-Shrawan,27.776311,85.271451,infrastructure,1,simulation,SYNTHETIC,19
syn-shrawan-2083-1361,2083-Shrawan,27.757477,85.396719,infrastructure,1,simulation,SYNTHETIC,11
syn-shrawan-2083-1362,2083-Shrawan,27.661435,85.334425,infrastructure,1,simulation,SYNTHETIC,28
syn-shrawan-2083-1363,2083-Shrawan,27.640323,85.292617,infrastructure,1,simulation,SYNTHETIC,25
syn-shrawan-2083-1364,2083-Shrawan,27.703078,85.281922,infrastructure,1,simulation,SYNTHETIC,14
syn-shrawan-2083-1365,2083-Shrawan,27.707393,85.282850,infrastructure,1,simulation,SYNTHETIC,20
syn-shrawan-2083-1366,2083-Shrawan,27.609299,85.226507,infrastructure,1,simulation,SYNTHETIC,29
syn-shrawan-2083-1367,2083-Shrawan,27.764784,85.388834,infrastructure,1,simulation,SYNTHETIC,20
syn-shrawan-2083-1368,2083-Shrawan,27.633510,85.430455,infrastructure,1,simulation,SYNTHETIC,14
syn-shrawan-2083-1369,2083-Shrawan,27.698123,85.225960,infrastructure,1,simulation,SYNTHETIC,9
syn-shrawan-2083-1370,2083-Shrawan,27.728263,85.469756,infrastructure,1,simulation,SYNTHETIC,24
syn-shrawan-2083-1371,2083-Shrawan,27.615107,85.452788,infrastructure,1,simulation,SYNTHETIC,0
syn-shrawan-2083-1372,2083-Shrawan,27.740966,85.289784,infrastructure,1,simulation,SYNTHETIC,25
syn-shrawan-2083-1373,2083-Shrawan,27.650282,85.246604,infrastructure,1,simulation,SYNTHETIC,7
syn-shrawan-2083-1374,2083-Shrawan,27.735251,85.418615,infrastructure,1,simulation,SYNTHETIC,21
syn-shrawan-2083-1375,2083-Shrawan,27.604828,85.342484,infrastructure,1,simulation,SYNTHETIC,14
syn-shrawan-2083-1376,2083-Shrawan,27.754629,85.200358,infrastructure,1,simulation,SYNTHETIC,7
syn-shrawan-2083-1377,2083-Shrawan,27.727744,85.284602,infrastructure,1,simulation,SYNTHETIC,3
syn-shrawan-2083-1378,2083-Shrawan,27.763428,85.392401,infrastructure,1,simulation,SYNTHETIC,23
syn-shrawan-2083-1379,2083-Shrawan,27.733268,85.238417,infrastructure,1,simulation,SYNTHETIC,16
syn-shrawan-2083-1380,2083-Shrawan,27.650133,85.305943,infrastructure,1,simulation,SYNTHETIC,29
syn-shrawan-2083-1381,2083-Shrawan,27.623918,85.344334,infrastructure,1,simulation,SYNTHETIC,25
syn-shrawan-2083-1382,2083-Shrawan,27.716282,85.477263,infrastructure,1,simulation,SYNTHETIC,16
syn-shrawan-2083-1383,2083-Shrawan,27.750457,85.251122,infrastructure,1,simulation,SYNTHETIC,18
syn-shrawan-2083-1384,2083-Shrawan,27.646393,85.306707,infrastructure,1,simulation,SYNTHETIC,13
syn-shrawan-2083-1385,2083-Shrawan,27.680538,85.294625,infrastructure,1,simulation,SYNTHETIC,26
syn-shrawan-2083-1386,2083-Shrawan,27.777116,85.212035,infrastructure,1,simulation,SYNTHETIC,10
syn-shrawan-2083-1387,2083-Shrawan,27.668155,85.477849,infrastructure,1,simulation,SYNTHETIC,10
syn-shrawan-2083-1388,2083-Shrawan,27.663307,85.281345,infrastructure,1,simulation,SYNTHETIC,19
syn-shrawan-2083-1389,2083-Shrawan,27.707414,85.406028,infrastructure,1,simulation,SYNTHETIC,27
syn-shrawan-2083-1390,2083-Shrawan,27.731136,85.297024,infrastructure,1,simulation,SYNTHETIC,29
syn-shrawan-2083-1391,2083-Shrawan,27.657938,85.228662,infrastructure,1,simulation,SYNTHETIC,29
syn-shrawan-2083-1392,2083-Shrawan,27.700026,85.304806,infrastructure,1,simulation,SYNTHETIC,22
syn-shrawan-2083-1393,2083-Shrawan,27.696574,85.483329,infrastructure,1,simulation,SYNTHETIC,7
syn-shrawan-2083-1394,2083-Shrawan,27.662324,85.339820,infrastructure,1,simulation,SYNTHETIC,1
syn-shrawan-2083-1395,2083-Shrawan,27.682261,85.317295,infrastructure,1,simulation,SYNTHETIC,14
syn-shrawan-2083-1396,2083-Shrawan,27.758477,85.263197,infrastructure,1,simulation,SYNTHETIC,2
syn-shrawan-2083-1397,2083-Shrawan,27.649245,85.326070,infrastructure,1,simulation,SYNTHETIC,29
syn-shrawan-2083-1398,2083-Shrawan,27.772284,85.227178,infrastructure,1,simulation,SYNTHETIC,26
syn-shrawan-2083-1399,2083-Shrawan,27.609455,85.387058,infrastructure,1,simulation,SYNTHETIC,23
syn-shrawan-2083-1400,2083-Shrawan,27.601833,85.442407,infrastructure,1,simulation,SYNTHETIC,19
syn-shrawan-2083-1401,2083-Shrawan,27.739094,85.424927,infrastructure,1,simulation,SYNTHETIC,10
syn-shrawan-2083-1402,2083-Shrawan,27.633252,85.487032,infrastructure,1,simulation,SYNTHETIC,9
syn-shrawan-2083-1403,2083-Shrawan,27.708585,85.417120,infrastructure,1,simulation,SYNTHETIC,18
syn-shrawan-2083-1404,2083-Shrawan,27.762602,85.242034,infrastructure,1,simulation,SYNTHETIC,13
syn-shrawan-2083-1405,2083-Shrawan,27.740185,85.376719,infrastructure,1,simulation,SYNTHETIC,4
syn-shrawan-2083-1406,2083-Shrawan,27.752447,85.379718,infrastructure,1,simulation,SYNTHETIC,12
syn-shrawan-2083-1407,2083-Shrawan,27.665105,85.329470,infrastructure,1,simulation,SYNTHETIC,22
syn-shrawan-2083-1408,2083-Shrawan,27.680043,85.241158,infrastructure,1,simulation,SYNTHETIC,0
syn-shrawan-2083-1409,2083-Shrawan,27.753073,85.375904,infrastructure,1,simulation,SYNTHETIC,16
syn-shrawan-2083-1410,2083-Shrawan,27.729961,85.332447,infrastructure,1,simulation,SYNTHETIC,3
syn-shrawan-2083-1411,2083-Shrawan,27.703255,85.391881,infrastructure,1,simulation,SYNTHETIC,0
syn-shrawan-2083-1412,2083-Shrawan,27.691574,85.317541,infrastructure,1,simulation,SYNTHETIC,28
syn-shrawan-2083-1413,2083-Shrawan,27.627484,85.415334,infrastructure,1,simulation,SYNTHETIC,21
syn-shrawan-2083-1414,2083-Shrawan,27.757371,85.406110,infrastructure,1,simulation,SYNTHETIC,9
syn-shrawan-2083-1415,2083-Shrawan,27.706137,85.387176,infrastructure,1,simulation,SYNTHETIC,17
syn-shrawan-2083-1416,2083-Shrawan,27.607888,85.396797,infrastructure,1,simulation,SYNTHETIC,13
syn-shrawan-2083-1417,2083-Shrawan,27.745017,85.304115,infrastructure,1,simulation,SYNTHETIC,15
syn-shrawan-2083-1418,2083-Shrawan,27.649263,85.358470,infrastructure,1,simulation,SYNTHETIC,15
syn-shrawan-2083-1419,2083-Shrawan,27.649393,85.394119,infrastructure,1,simulation,SYNTHETIC,7
syn-shrawan-2083-1420,2083-Shrawan,27.606427,85.283120,infrastructure,1,simulation,SYNTHETIC,26
syn-shrawan-2083-1421,2083-Shrawan,27.750296,85.385355,infrastructure,1,simulation,SYNTHETIC,0
syn-shrawan-2083-1422,2083-Shrawan,27.724849,85.342798,infrastructure,1,simulation,SYNTHETIC,20
syn-shrawan-2083-1423,2083-Shrawan,27.669447,85.400238,infrastructure,1,simulation,SYNTHETIC,4
syn-shrawan-2083-1424,2083-Shrawan,27.682944,85.498099,infrastructure,1,simulation,SYNTHETIC,11
syn-shrawan-2083-1425,2083-Shrawan,27.604024,85.211638,infrastructure,1,simulation,SYNTHETIC,0
syn-shrawan-2083-1426,2083-Shrawan,27.621873,85.456024,infrastructure,1,simulation,SYNTHETIC,25
syn-shrawan-2083-1427,2083-Shrawan,27.752228,85.241895,infrastructure,1,simulation,SYNTHETIC,11
syn-shrawan-2083-1428,2083-Shrawan,27.705799,85.429217,infrastructure,1,simulation,SYNTHETIC,12
syn-shrawan-2083-1429,2083-Shrawan,27.636362,85.311023,infrastructure,1,simulation,SYNTHETIC,29
syn-shrawan-2083-1430,2083-Shrawan,27.629992,85.425463,infrastructure,1,simulation,SYNTHETIC,24
syn-shrawan-2083-1431,2083-Shrawan,27.613318,85.241914,infrastructure,1,simulation,SYNTHETIC,7
syn-shrawan-2083-1432,2083-Shrawan,27.642714,85.364569,infrastructure,1,simulation,SYNTHETIC,5
syn-shrawan-2083-1433,2083-Shrawan,27.744084,85.251376,infrastructure,1,simulation,SYNTHETIC,2
syn-shrawan-2083-1434,2083-Shrawan,27.635808,85.498177,infrastructure,1,simulation,SYNTHETIC,27
syn-shrawan-2083-1435,2083-Shrawan,27.745469,85.290081,infrastructure,1,simulation,SYNTHETIC,20
syn-shrawan-2083-1436,2083-Shrawan,27.754642,85.265384,infrastructure,1,simulation,SYNTHETIC,7
syn-shrawan-2083-1437,2083-Shrawan,27.719935,85.385862,infrastructure,1,simulation,SYNTHETIC,6
syn-shrawan-2083-1438,2083-Shrawan,27.636758,85.472032,infrastructure,1,simulation,SYNTHETIC,14
syn-shrawan-2083-1439,2083-Shrawan,27.614414,85.286824,infrastructure,1,simulation,SYNTHETIC,26
syn-shrawan-2083-1440,2083-Shrawan,27.696465,85.202889,infrastructure,1,simulation,SYNTHETIC,22
syn-shrawan-2083-1441,2083-Shrawan,27.687636,85.337404,infrastructure,1,simulation,SYNTHETIC,6
syn-shrawan-2083-1442,2083-Shrawan,27.706033,85.482526,infrastructure,1,simulation,SYNTHETIC,28
syn-shrawan-2083-1443,2083-Shrawan,27.648922,85.445397,infrastructure,1,simulation,SYNTHETIC,27
syn-shrawan-2083-1444,2083-Shrawan,27.649185,85.261106,infrastructure,1,simulation,SYNTHETIC,29
syn-shrawan-2083-1445,2083-Shrawan,27.660967,85.254904,infrastructure,1,simulation,SYNTHETIC,21
syn-shrawan-2083-1446,2083-Shrawan,27.675721,85.334433,infrastructure,1,simulation,SYNTHETIC,15
syn-shrawan-2083-1447,2083-Shrawan,27.676022,85.322862,infrastructure,1,simulation,SYNTHETIC,1
syn-shrawan-2083-1448,2083-Shrawan,27.633315,85.482113,infrastructure,1,simulation,SYNTHETIC,7
syn-shrawan-2083-1449,2083-Shrawan,27.630373,85.449077,infrastructure,1,simulation,SYNTHETIC,10
syn-shrawan-2083-1450,2083-Shrawan,27.750361,85.242335,infrastructure,1,simulation,SYNTHETIC,5
syn-shrawan-2083-1451,2083-Shrawan,27.637351,85.325202,infrastructure,1,simulation,SYNTHETIC,12
syn-shrawan-2083-1452,2083-Shrawan,27.678143,85.305367,infrastructure,1,simulation,SYNTHETIC,12
syn-shrawan-2083-1453,2083-Shrawan,27.645529,85.490664,infrastructure,1,simulation,SYNTHETIC,26
syn-shrawan-2083-1454,2083-Shrawan,27.708096,85.219106,infrastructure,1,simulation,SYNTHETIC,23
syn-shrawan-2083-1455,2083-Shrawan,27.647541,85.206862,infrastructure,1,simulation,SYNTHETIC,8
syn-shrawan-2083-1456,2083-Shrawan,27.606567,85.327612,infrastructure,1,simulation,SYNTHETIC,12
syn-shrawan-2083-1457,2083-Shrawan,27.767295,85.428878,infrastructure,1,simulation,SYNTHETIC,6
syn-shrawan-2083-1458,2083-Shrawan,27.611604,85.226408,infrastructure,1,simulation,SYNTHETIC,17
syn-shrawan-2083-1459,2083-Shrawan,27.740602,85.260035,infrastructure,1,simulation,SYNTHETIC,7
syn-shrawan-2083-1460,2083-Shrawan,27.760178,85.284974,infrastructure,1,simulation,SYNTHETIC,18
syn-shrawan-2083-1461,2083-Shrawan,27.627501,85.262867,infrastructure,1,simulation,SYNTHETIC,17
syn-shrawan-2083-1462,2083-Shrawan,27.776013,85.276258,infrastructure,1,simulation,SYNTHETIC,5
syn-shrawan-2083-1463,2083-Shrawan,27.695228,85.464011,infrastructure,1,simulation,SYNTHETIC,14
syn-shrawan-2083-1464,2083-Shrawan,27.714294,85.433770,infrastructure,1,simulation,SYNTHETIC,26
syn-shrawan-2083-1465,2083-Shrawan,27.720013,85.474020,infrastructure,1,simulation,SYNTHETIC,22
syn-shrawan-2083-1466,2083-Shrawan,27.765966,85.347733,infrastructure,1,simulation,SYNTHETIC,29
syn-shrawan-2083-1467,2083-Shrawan,27.734967,85.439897,infrastructure,1,simulation,SYNTHETIC,13
syn-shrawan-2083-1468,2083-Shrawan,27.637611,85.381623,infrastructure,1,simulation,SYNTHETIC,22
syn-shrawan-2083-1469,2083-Shrawan,27.751493,85.201927,infrastructure,1,simulation,SYNTHETIC,5
syn-shrawan-2083-1470,2083-Shrawan,27.659039,85.357874,infrastructure,1,simulation,SYNTHETIC,11
syn-shrawan-2083-1471,2083-Shrawan,27.704190,85.431014,infrastructure,1,simulation,SYNTHETIC,16
syn-shrawan-2083-1472,2083-Shrawan,27.636179,85.295427,infrastructure,1,simulation,SYNTHETIC,2
syn-shrawan-2083-1473,2083-Shrawan,27.685310,85.221799,infrastructure,1,simulation,SYNTHETIC,5
syn-shrawan-2083-1474,2083-Shrawan,27.657695,85.200855,infrastructure,1,simulation,SYNTHETIC,16
syn-shrawan-2083-1475,2083-Shrawan,27.765802,85.304298,infrastructure,1,simulation,SYNTHETIC,14
syn-shrawan-2083-1476,2083-Shrawan,27.666382,85.487725,infrastructure,1,simulation,SYNTHETIC,25
syn-shrawan-2083-1477,2083-Shrawan,27.617030,85.256171,infrastructure,1,simulation,SYNTHETIC,20
syn-shrawan-2083-1478,2083-Shrawan,27.756953,85.244471,infrastructure,1,simulation,SYNTHETIC,14
syn-shrawan-2083-1479,2083-Shrawan,27.771624,85.243006,infrastructure,1,simulation,SYNTHETIC,12
syn-shrawan-2083-1480,2083-Shrawan,27.766599,85.258078,infrastructure,1,simulation,SYNTHETIC,6
syn-shrawan-2083-1481,2083-Shrawan,27.704935,85.328692,infrastructure,1,simulation,SYNTHETIC,22
syn-shrawan-2083-1482,2083-Shrawan,27.779980,85.348016,infrastructure,1,simulation,SYNTHETIC,13
syn-shrawan-2083-1483,2083-Shrawan,27.721393,85.276042,infrastructure,1,simulation,SYNTHETIC,9
syn-shrawan-2083-1484,2083-Shrawan,27.682261,85.240969,infrastructure,1,simulation,SYNTHETIC,4
syn-shrawan-2083-1485,2083-Shrawan,27.623980,85.342817,infrastructure,1,simulation,SYNTHETIC,28
syn-shrawan-2083-1486,2083-Shrawan,27.778767,85.340608,infrastructure,1,simulation,SYNTHETIC,8
syn-shrawan-2083-1487,2083-Shrawan,27.631310,85.364219,infrastructure,1,simulation,SYNTHETIC,23
syn-shrawan-2083-1488,2083-Shrawan,27.703958,85.286815,infrastructure,1,simulation,SYNTHETIC,23
syn-shrawan-2083-1489,2083-Shrawan,27.756667,85.243214,infrastructure,1,simulation,SYNTHETIC,1
syn-shrawan-2083-1490,2083-Shrawan,27.762101,85.474032,infrastructure,1,simulation,SYNTHETIC,28
syn-shrawan-2083-1491,2083-Shrawan,27.698075,85.438766,infrastructure,1,simulation,SYNTHETIC,9
syn-shrawan-2083-1492,2083-Shrawan,27.723311,85.277648,infrastructure,1,simulation,SYNTHETIC,17
syn-shrawan-2083-1493,2083-Shrawan,27.719233,85.492699,infrastructure,1,simulation,SYNTHETIC,2
syn-shrawan-2083-1494,2083-Shrawan,27.738002,85.439146,infrastructure,1,simulation,SYNTHETIC,18
syn-shrawan-2083-1495,2083-Shrawan,27.709353,85.462393,infrastructure,1,simulation,SYNTHETIC,7
syn-shrawan-2083-1496,2083-Shrawan,27.676278,85.254025,infrastructure,1,simulation,SYNTHETIC,4
syn-shrawan-2083-1497,2083-Shrawan,27.766617,85.272512,infrastructure,1,simulation,SYNTHETIC,15
syn-shrawan-2083-1498,2083-Shrawan,27.662827,85.409932,infrastructure,1,simulation,SYNTHETIC,22
syn-shrawan-2083-1499,2083-Shrawan,27.756597,85.358230,infrastructure,1,simulation,SYNTHETIC,8
syn-shrawan-2083-1500,2083-Shrawan,27.728595,85.204730,infrastructure,1,simulation,SYNTHETIC,24
syn-shrawan-2083-1501,2083-Shrawan,27.684632,85.488744,infrastructure,1,simulation,SYNTHETIC,17
syn-shrawan-2083-1502,2083-Shrawan,27.654212,85.454249,infrastructure,1,simulation,SYNTHETIC,6
syn-shrawan-2083-1503,2083-Shrawan,27.671177,85.326943,infrastructure,1,simulation,SYNTHETIC,7
syn-shrawan-2083-1504,2083-Shrawan,27.683030,85.245834,infrastructure,1,simulation,SYNTHETIC,23
syn-shrawan-2083-1505,2083-Shrawan,27.722780,85.442726,infrastructure,1,simulation,SYNTHETIC,6
syn-shrawan-2083-1506,2083-Shrawan,27.610062,85.425336,infrastructure,1,simulation,SYNTHETIC,17
syn-shrawan-2083-1507,2083-Shrawan,27.689743,85.347356,infrastructure,1,simulation,SYNTHETIC,11
syn-shrawan-2083-1508,2083-Shrawan,27.653141,85.490672,infrastructure,1,simulation,SYNTHETIC,4
syn-shrawan-2083-1509,2083-Shrawan,27.706151,85.498201,infrastructure,1,simulation,SYNTHETIC,24
syn-shrawan-2083-1510,2083-Shrawan,27.760753,85.423150,infrastructure,1,simulation,SYNTHETIC,19
syn-shrawan-2083-1511,2083-Shrawan,27.679766,85.430872,infrastructure,1,simulation,SYNTHETIC,6
syn-shrawan-2083-1512,2083-Shrawan,27.773225,85.287300,infrastructure,1,simulation,SYNTHETIC,9
syn-shrawan-2083-1513,2083-Shrawan,27.709842,85.353082,infrastructure,1,simulation,SYNTHETIC,11
syn-shrawan-2083-1514,2083-Shrawan,27.766748,85.489588,infrastructure,1,simulation,SYNTHETIC,9
syn-shrawan-2083-1515,2083-Shrawan,27.701194,85.275019,infrastructure,1,simulation,SYNTHETIC,15
syn-shrawan-2083-1516,2083-Shrawan,27.639150,85.474996,infrastructure,1,simulation,SYNTHETIC,10
syn-shrawan-2083-1517,2083-Shrawan,27.604328,85.298614,infrastructure,1,simulation,SYNTHETIC,14
syn-shrawan-2083-1518,2083-Shrawan,27.778811,85.376654,infrastructure,1,simulation,SYNTHETIC,28
syn-shrawan-2083-1519,2083-Shrawan,27.685155,85.336432,infrastructure,1,simulation,SYNTHETIC,19
syn-shrawan-2083-1520,2083-Shrawan,27.659745,85.386363,infrastructure,1,simulation,SYNTHETIC,15
syn-shrawan-2083-1521,2083-Shrawan,27.685235,85.323749,infrastructure,1,simulation,SYNTHETIC,7
syn-shrawan-2083-1522,2083-Shrawan,27.723008,85.301642,infrastructure,1,simulation,SYNTHETIC,6
syn-shrawan-2083-1523,2083-Shrawan,27.655649,85.418579,infrastructure,1,simulation,SYNTHETIC,8
syn-shrawan-2083-1524,2083-Shrawan,27.703457,85.296608,infrastructure,1,simulation,SYNTHETIC,3
syn-shrawan-2083-1525,2083-Shrawan,27.605940,85.397551,infrastructure,1,simulation,SYNTHETIC,5
syn-shrawan-2083-1526,2083-Shrawan,27.777675,85.378395,infrastructure,1,simulation,SYNTHETIC,29
syn-shrawan-2083-1527,2083-Shrawan,27.625172,85.344543,infrastructure,1,simulation,SYNTHETIC,14
syn-shrawan-2083-1528,2083-Shrawan,27.649933,85.296539,infrastructure,1,simulation,SYNTHETIC,29
syn-shrawan-2083-1529,2083-Shrawan,27.716441,85.237439,infrastructure,1,simulation,SYNTHETIC,24
syn-shrawan-2083-1530,2083-Shrawan,27.654551,85.388693,infrastructure,1,simulation,SYNTHETIC,14
syn-shrawan-2083-1531,2083-Shrawan,27.600192,85.460180,infrastructure,1,simulation,SYNTHETIC,11
syn-shrawan-2083-1532,2083-Shrawan,27.661246,85.440867,infrastructure,1,simulation,SYNTHETIC,17
syn-shrawan-2083-1533,2083-Shrawan,27.776936,85.246080,infrastructure,1,simulation,SYNTHETIC,27
syn-shrawan-2083-1534,2083-Shrawan,27.741257,85.432848,infrastructure,1,simulation,SYNTHETIC,24
syn-shrawan-2083-1535,2083-Shrawan,27.637434,85.387956,infrastructure,1,simulation,SYNTHETIC,5
syn-shrawan-2083-1536,2083-Shrawan,27.652426,85.498360,infrastructure,1,simulation,SYNTHETIC,18
syn-shrawan-2083-1537,2083-Shrawan,27.779546,85.274756,infrastructure,1,simulation,SYNTHETIC,19
syn-shrawan-2083-1538,2083-Shrawan,27.647312,85.373559,infrastructure,1,simulation,SYNTHETIC,6
syn-shrawan-2083-1539,2083-Shrawan,27.756905,85.226782,infrastructure,1,simulation,SYNTHETIC,25
syn-shrawan-2083-1540,2083-Shrawan,27.646004,85.405408,infrastructure,1,simulation,SYNTHETIC,10
syn-shrawan-2083-1541,2083-Shrawan,27.736617,85.445995,infrastructure,1,simulation,SYNTHETIC,22
syn-shrawan-2083-1542,2083-Shrawan,27.640868,85.262084,infrastructure,1,simulation,SYNTHETIC,23
syn-shrawan-2083-1543,2083-Shrawan,27.742585,85.368162,infrastructure,1,simulation,SYNTHETIC,10
syn-shrawan-2083-1544,2083-Shrawan,27.680242,85.499578,infrastructure,1,simulation,SYNTHETIC,1
syn-shrawan-2083-1545,2083-Shrawan,27.659047,85.243303,infrastructure,1,simulation,SYNTHETIC,27
syn-shrawan-2083-1546,2083-Shrawan,27.708359,85.410814,infrastructure,1,simulation,SYNTHETIC,21
syn-shrawan-2083-1547,2083-Shrawan,27.626742,85.373952,infrastructure,1,simulation,SYNTHETIC,16
syn-shrawan-2083-1548,2083-Shrawan,27.605740,85.384707,infrastructure,1,simulation,SYNTHETIC,17
syn-shrawan-2083-1549,2083-Shrawan,27.733063,85.250792,infrastructure,1,simulation,SYNTHETIC,18
syn-shrawan-2083-1550,2083-Shrawan,27.654243,85.451277,infrastructure,1,simulation,SYNTHETIC,5
syn-shrawan-2083-1551,2083-Shrawan,27.718791,85.436063,infrastructure,1,simulation,SYNTHETIC,24
syn-shrawan-2083-1552,2083-Shrawan,27.690117,85.454102,infrastructure,1,simulation,SYNTHETIC,21
syn-shrawan-2083-1553,2083-Shrawan,27.668903,85.200527,infrastructure,1,simulation,SYNTHETIC,10
syn-shrawan-2083-1554,2083-Shrawan,27.743036,85.391672,infrastructure,1,simulation,SYNTHETIC,28
syn-shrawan-2083-1555,2083-Shrawan,27.624642,85.313403,infrastructure,1,simulation,SYNTHETIC,12
syn-shrawan-2083-1556,2083-Shrawan,27.755438,85.273408,infrastructure,1,simulation,SYNTHETIC,24
syn-shrawan-2083-1557,2083-Shrawan,27.659816,85.260397,infrastructure,1,simulation,SYNTHETIC,27
syn-shrawan-2083-1558,2083-Shrawan,27.630810,85.462964,infrastructure,1,simulation,SYNTHETIC,10
syn-shrawan-2083-1559,2083-Shrawan,27.707478,85.316383,infrastructure,1,simulation,SYNTHETIC,13
syn-shrawan-2083-1560,2083-Shrawan,27.658089,85.399702,infrastructure,1,simulation,SYNTHETIC,27
syn-shrawan-2083-1561,2083-Shrawan,27.674844,85.270327,infrastructure,1,simulation,SYNTHETIC,6
syn-shrawan-2083-1562,2083-Shrawan,27.678363,85.217621,infrastructure,1,simulation,SYNTHETIC,9
syn-shrawan-2083-1563,2083-Shrawan,27.665894,85.284285,infrastructure,1,simulation,SYNTHETIC,4
syn-shrawan-2083-1564,2083-Shrawan,27.645774,85.488388,infrastructure,1,simulation,SYNTHETIC,16
syn-shrawan-2083-1565,2083-Shrawan,27.613804,85.409643,infrastructure,1,simulation,SYNTHETIC,15
syn-shrawan-2083-1566,2083-Shrawan,27.603219,85.420052,infrastructure,1,simulation,SYNTHETIC,23
syn-shrawan-2083-1567,2083-Shrawan,27.750331,85.375830,infrastructure,1,simulation,SYNTHETIC,11
